"","bin","Ritt3.1_presence","TR_presence","Mel3S.1_presence","WC.50_presence","Ritt3.1_abundance","TR_abundance","Mel3S.1_abundance","WC.50_abundance","N_sites_noRitt3M","mean_abundance_noRitt3M","median_abundance_noRitt3M","std_abundance_noRitt3M","Completeness","Contamination","Strain.heterogeneity","Domain","Phylum","Class","Order","Family","Genus","Species","Site","GC.std","ambiguous.bases","Longest.contig","N50.scaffolds","Mean.scaffold.length","num.contigs","num.scaffolds","num.predicted.genes","Longest.scaffold","GC","N50.contigs","Coding.density","Mean.contig.length","Genome.size"
"1","Erebus-TR_bin.1.orig_final",0,1,0,0,4.62e-06,0.011291199,1.13e-05,0.000281078,1,0.002897051,0.000146195,0.00559758,93.52,1.11,0,"Bacteria","CSP1-3","CSP1-3","CSP1-3","HRBIN32","HRBIN32","","Erebus-TR",0.010257369,0,50864,19125,11987.14815,162,162,2109,50864,0.702220691,19125,0.923858268,11987.14815,2076473.48160821
"2","Erebus-TR_bin.10.permissive_final",0,1,0,0,7.22e-06,0.007064827,1.4e-05,1.19e-05,1,0.001774488,1.3e-05,0.003526893,91.82,1.11,0,"Bacteria","Armatimonadota","Fimbriimonadia","Fimbriimonadales","ATM1","J051","","Erebus-TR",0.017724403,2843,82285,60335,30784.0597,139,67,2106,165762,0.612087068,33540,0.919538218,14817.90647,2246277.49945546
"3","Erebus-TR_bin.11.strict_final",0,1,0,0,1.19e-06,0.050297705,7.75e-06,2.56e-05,1,0.01258307,1.67e-05,0.025143092,88.52,1.09,0,"Bacteria","Bacteroidota","UBA10030","UBA10030","UBA6906","","","Erebus-TR",0.005683558,638,281761,144409,95508.32353,42,34,3039,299000,0.551872471,138611,0.904995961,77301.07143,3668417.30682332
"4","Erebus-TR_bin.13.strict_final",0,1,0,0,9.34e-05,0.062765843,3.84e-06,2.16e-05,1,0.015721167,5.75e-05,0.031363142,96.87,0.44,0,"Bacteria","Cyanobacteria","Cyanobacteriia","Cyanobacteriales","Nostocaceae","Fischerella","Fischerella muscicola","Erebus-TR",0.021764778,1878,57842,13929,8868.337261,693,679,5434,57842,0.411932077,13768,0.784123691,8686.468975,6216167.02797564
"5","Erebus-TR_bin.14.permissive_final",0,1,0,0,5.17e-05,0.012622086,1.75e-06,1e-06,1,0.003169145,2.67e-05,0.006302006,94.33,0.49,0,"Bacteria","Bacteroidota","Bacteroidia","Chitinophagales","Chitinophagaceae","Flavisolibacter","","Erebus-TR",0.015342359,1889,196000,55023,31088.06742,111,89,2872,202982,0.393539989,54093,0.883067241,24909.45045,2933147.46104103
"6","Erebus-TR_bin.16.strict_final",0,1,0,0,2.31e-06,0.01550481,2.09e-07,2.51e-07,1,0.003876894,1.28e-06,0.007751944,93.84,0.49,0,"Bacteria","Bacteroidota","Bacteroidia","Chitinophagales","Chitinophagaceae","UTBCD1","","Erebus-TR",0.019467457,599,415461,224297,84846.83871,41,31,2691,415461,0.401544614,154049,0.886691845,64137.87805,2802911.33844842
"7","Erebus-TR_bin.19.strict_final",0,1,0,0,0.000154263,0.033669399,3.28e-05,8.53e-05,1,0.008485453,0.000119797,0.016789371,96.99,2.14,0,"Bacteria","Deinococcota","Deinococci","Deinococcales","Thermaceae","Meiothermus","","Erebus-TR",0.016719311,2992,99006,36069,19086.36649,233,191,3905,140247,0.615087863,29822,0.859172798,15633.06438,3758630.78667904
"8","Erebus-TR_bin.20.strict_final",0,1,0,0,6.89e-05,0.027079176,3.21e-06,3.96e-06,1,0.006788805,3.64e-05,0.013526949,96.58,2.14,0,"Bacteria","Acidobacteriota","Blastocatellia","Pyrinomonadales","Pyrinomonadaceae","OLB17","","Erebus-TR",0.009141938,618,430450,210740,91052.33333,38,30,2453,430450,0.509109278,167352,0.903158257,71867.15789,2828297.78422034
"9","Erebus-TR_bin.21.strict_final",0,1,0,0,4.69e-06,0.037169108,9.65e-05,0.000129176,1,0.009349868,0.000112836,0.018546235,96.59,0,0,"Bacteria","Planctomycetota","Planctomycetia","Gemmatales","HRBIN36","","","Erebus-TR",0.022170567,10763,372163,245283,89679.46341,50,41,2940,410134,0.600962877,188449,0.874072918,73321.9,3806665.28626152
"10","Erebus-TR_bin.22.permissive_final",0,1,0,0,1.16e-05,0.012781617,2.9e-05,2.8e-05,1,0.003212568,2.85e-05,0.006379371,87.58,0,0,"Bacteria","Chloroflexota","Anaerolineae","DSLN01","DSLN01","DSLN01","","Erebus-TR",0.015379366,4552,80847,39393,23404.76923,220,130,2994,99409,0.637995595,27337,0.889658584,13809.4,3474103.6766385
"11","Erebus-TR_bin.5.permissive_final",0,1,0,0,0.000184863,0.014492187,4.13e-05,0.000226749,1,0.003736266,0.000205806,0.007171054,95.83,0,0,"Bacteria","Armatimonadota","Fimbriimonadia","Fimbriimonadales","GBS-DC","LDYB01","","Erebus-TR",0.02174246,5995,42625,10382,5612.331169,525,462,2780,55127,0.577618711,10045,0.892623965,4927.432381,2705725.76437441
"12","Erebus-WC_bin.20.strict_final",0,0,0,1,6.43e-05,9.57e-05,6.7e-05,0.002855075,1,0.00077052,8.13e-05,0.001389776,98.29,1.28,0,"Bacteria","Actinobacteriota","Acidimicrobiia","Acidimicrobiales","QHCF01","","","Erebus-WC",0.01687012,149,244178,189275,47887.94118,57,51,2391,244178,0.697778502,189275,0.917513722,42844.49123,2484774.64645437
"13","Erebus-WC_bin.24.orig_final",0,0,0,1,0.00012478,4.99e-05,6.96e-05,0.001709242,1,0.000488373,9.72e-05,0.000814531,94.97,1.29,50,"Bacteria","Actinobacteriota","Thermoleophilia","Gaiellales","Gaiellaceae","PALSA-612","","Erebus-WC",0.01148169,0,58347,16946,11155.53333,255,255,3113,58347,0.714944241,16946,0.922928251,11155.53333,2995325.89238707
"14","Erebus-WC_bin.33.strict_final",0,0,0,1,8.41e-06,7.98e-06,0.000171137,0.004450592,1,0.00115953,8.98e-05,0.002195386,98.15,0,0,"Bacteria","Eremiobacterota","Eremiobacteria","Eremiobacterales","Eremiobacteraceae","Eremiobacter","","Erebus-WC",0.023386267,80,429396,254774,47933.7451,59,51,2396,429396,0.635938608,254774,0.926793969,41432.89831,2490698.93020886
"15","Erebus-WC_bin.36.permissive_final",0,0,0,1,0.000127386,1.68e-05,0.000117652,0.001431726,1,0.000423379,0.000122519,0.00067409,93.06,0.93,0,"Bacteria","Dormibacterota","Dormibacteria","UBA8260","UBA8260","","","Erebus-WC",0.027521191,816,122504,42209,16389.55862,173,145,2354,122504,0.714798773,31692,0.916904202,13732.19653,2553713.73307544
"16","Erebus-WC_bin.37.strict_final",0,0,0,1,2.21e-05,0.000715097,0.000127218,0.004101189,1,0.001241404,0.000421158,0.001930755,99.09,4.09,0,"Bacteria","Chloroflexota","Anaerolineae","JACRMK01","JACRMK01","","","Erebus-WC",0.023073918,130,282790,95169,32754.98621,158,145,4626,345234,0.603416304,91346,0.888368457,30059.13291,4793090.12009284
"17","Erebus-WC_bin.38.permissive_final",0,0,0,1,2.65e-05,8.97e-05,0.000993866,0.002198608,1,0.000827179,0.000541801,0.001015464,77.08,1.71,0,"Bacteria","Acidobacteriota","Acidobacteriae","Acidobacteriales","Acidobacteriaceae","Edaphobacter","","Erebus-WC",0.024172426,527,70767,12717,7457.827368,518,475,3402,70767,0.619360402,12243,0.87639719,6837.723938,4595832.9008822
"18","Erebus-WC_bin.49.orig_final",0,0,0,1,3.38e-05,4.03e-05,0.000211216,0.007097831,1,0.001845782,0.000125749,0.003502329,81.97,0,0,"Bacteria","Planctomycetota","Planctomycetia","Gemmatales","Gemmataceae","","","Erebus-WC",0.014072826,0,86487,31237,23505.99134,231,231,4496,86487,0.691568181,31237,0.876271758,23505.99134,6624233.25606929
"19","Erebus-WC_bin.5.orig_final",0,0,0,1,3.82e-05,1.08e-05,0.000270636,0.013831008,1,0.003537651,0.000154415,0.006863228,94.72,2.97,0,"Bacteria","Chloroflexota","Ktedonobacteria","Ktedonobacterales","","","","Erebus-WC",0.021012584,0,57253,12916,8282.64186,645,645,4925,57253,0.608609693,12916,0.864758351,8282.64186,5640101.35135135
"20","Erebus-WC_bin.59.orig_final",0,0,0,1,0.000102222,0.000166311,2.37e-05,0.000810776,1,0.000275745,0.000134266,0.000361426,83.43,3.4,0,"Archaea","Thermoproteota","Nitrososphaeria","Nitrososphaerales","Nitrososphaeraceae","Nitrososphaera","","Erebus-WC",0.02786402,0,11598,2864,2529.714167,1207,1207,4192,11598,0.37701978,2864,0.698433695,2529.714167,3659792.64053698
"21","Erebus-WC_bin.9.orig_final",0,0,0,1,9.16e-06,0.000473408,8.69e-05,0.001904286,1,0.000618428,0.000280134,0.000880953,93.59,0.73,0,"Bacteria","Proteobacteria","Gammaproteobacteria","Xanthomonadales","Rhodanobacteraceae","66-474","","Erebus-WC",0.013636894,0,167762,61572,36435.42857,63,63,2174,167762,0.64560745,61572,0.890456785,36435.42857,2452646.65028315
"22","Mel_bin.10.orig_final",0,0,1,0,2.08e-06,3.59e-06,0.006585186,0.000256346,1,0.001711801,0.000129968,0.00325112,92.95,0,0,"Bacteria","Acidobacteriota","Acidobacteriae","Acidoferrales","UBA7541","","","Melbourne",0.01868595,0,233525,113498,48346.7931,87,87,3640,233525,0.562143337,113498,0.8898749,48346.7931,4525197.41796665
"23","Mel_bin.16.orig_final",0,0,1,0,8.73e-05,7.18e-06,0.002804038,9.68e-06,1,0.000727058,4.85e-05,0.001385154,89.98,1.88,20,"Bacteria","Proteobacteria","Alphaproteobacteria","Rhizobiales","Beijerinckiaceae","Methylocella","","Melbourne",0.016403187,0,60253,15113,10837.356,250,250,2718,60253,0.586620205,15113,0.873947483,10837.356,3011045.78795288
"24","Mel_bin.19.orig_final",0,0,1,0,1.03e-05,3.95e-05,0.005728522,5.82e-05,1,0.001459118,4.88e-05,0.002846338,90.26,2.31,0,"Bacteria","Chloroflexota","Ktedonobacteria","Ktedonobacterales","JACDGC01","","","Melbourne",0.019802576,0,150574,28543,18137.9375,240,240,4004,150574,0.68455298,28543,0.843572117,18137.9375,4822850.65366718
"25","Mel_bin.22.strict_final",0,0,1,0,4.14e-05,7.98e-05,0.005435753,0.000287399,1,0.001461078,0.000183582,0.002651986,82.09,3.49,0,"Bacteria","Planctomycetota","Planctomycetia","Gemmatales","Gemmataceae","Fimbriiglobus","","Melbourne",0.023004738,1780,39185,8498,4747.826923,1468,1300,5998,40057,0.696791696,7860,0.886365017,4203.266349,7518790.35205263
"26","Mel_bin.23.orig_final",0,0,1,0,1.06e-05,1.99e-06,0.00136023,3.21e-05,1,0.000351213,2.13e-05,0.000672797,90.14,0.47,0,"Bacteria","Proteobacteria","Gammaproteobacteria","Burkholderiales","Burkholderiaceae","Derxia","","Melbourne",0.019649966,0,36029,8324,5983.72967,455,455,2991,36029,0.608177413,8324,0.937911854,5983.72967,3020409.36321278
"27","Mel_bin.30.orig_final",0,0,1,0,8.26e-06,3.07e-05,0.008586953,4.88e-05,1,0.002168672,3.97e-05,0.004278886,97.01,0.85,0,"Bacteria","Acidobacteriota","Thermoanaerobaculia","UBA5066","Gp7-AA6","Gp7-AA6","","Melbourne",0.018475061,0,102364,37075,18617.88942,208,208,3580,102364,0.662883429,37075,0.907715672,18617.88942,3991878.15689104
"28","Mel_bin.31.orig_final",0,0,1,0,2.75e-06,7.98e-06,0.002557492,1.29e-05,1,0.000645291,1.05e-05,0.001274807,89.01,2.75,33.33,"Bacteria","Gemmatimonadota","Gemmatimonadetes","Gemmatimonadales","Gemmatimonadaceae","Fen-1231","","Melbourne",0.016354844,0,111255,35424,20651.29697,165,165,3089,111255,0.657626023,35424,0.928885822,20651.29697,3828181.10324683
"29","Mel_bin.35.orig_final",0,0,1,0,0.000147041,1.91e-05,0.040022989,0.000390439,1,0.010144903,0.00026874,0.019919319,88.64,0,0,"Bacteria","Planctomycetota","Planctomycetia","Gemmatales","Gemmataceae","","","Melbourne",0.013609838,0,42873,11895,9034.046814,769,769,6081,42873,0.612299635,11895,0.886905655,9034.046814,7837524.81949458
"30","Mel_bin.38.permissive_final",0,0,1,0,3.49e-05,4.27e-05,0.012528973,0.00074526,1,0.003337956,0.000393967,0.006136389,97.29,0.58,0,"Bacteria","Planctomycetota","Planctomycetia","Isosphaerales","Isosphaeraceae","","","Melbourne",0.023962076,1135,239911,49250,14646.84074,635,540,6799,239911,0.649855801,47812,0.857180047,12453.7937,8129606.33158598
"31","Mel_bin.40.permissive_final",0,0,1,0,3.73e-05,6.38e-06,0.004433856,0.000566119,1,0.001260914,0.000301709,0.002130836,89.03,1.71,0,"Bacteria","Acidobacteriota","Acidobacteriae","Acidoferrales","UBA7541","Acidoferrum","","Melbourne",0.013656704,944,73584,26037,13288.82822,415,326,4012,81722,0.570018475,21731,0.877997755,10436.66024,4865953.04953387
"32","Mel_bin.42.orig_final",0,0,1,0,2.35e-05,6.78e-06,0.002175977,2.94e-05,1,0.000558933,2.65e-05,0.001078072,96.91,0.93,0,"Bacteria","Eremiobacterota","Eremiobacteria","Baltobacterales","Baltobacteraceae","Palsa-1515","","Melbourne",0.029818563,0,60280,22097,11645.89434,265,265,3237,60280,0.648101428,22097,0.935704931,11645.89434,3184565.06036529
"33","Ritt_bin.7.strict_final",1,0,0,0,0.006523279,2.19e-05,6.72e-05,4.68e-05,1,0.001664785,5.7e-05,0.003239049,98.05,0.69,33.33,"Bacteria","Proteobacteria","Gammaproteobacteria","Burkholderiales","Burkholderiaceae","Paraburkholderia","Paraburkholderia caledonica","Rittmann",0.019934655,137,114776,27002,15994.83807,356,352,5160,114776,0.623753518,26831,0.866906813,15814.73596,5742155.02294748
"34","Ritt_bin.8.strict_final",1,0,0,0,0.014835104,0.000267214,1.04e-05,9.23e-06,1,0.003780488,0.000138809,0.007370743,97.4,0,0,"Archaea","Thermoproteota","Thermoproteia","Sulfolobales","AG1","","","Rittmann",0.02515519,385,651833,286077,150381.5455,15,11,1601,720733,0.629483883,286077,0.869064567,110254.1333,1698354.20944559
"35","Erebus-TR_bin.12.permissive_final",1,1,0,0,0.000405685,0.008053918,3.56e-06,5.97e-06,2,0.002117284,0.000205828,0.003962267,91.67,0.42,0,"Bacteria","Deinococcota","Deinococci","Deinococcales","Thermaceae","Thermus_A","","Erebus-TR",0.02149506,1434,121981,30305,17015.69,129,100,1839,123023,0.652121743,27883,0.934958265,13179.34109,1856189.59310571
"36","Erebus-TR_bin.15.permissive_final",0,1,0,1,2.26e-05,0.006547946,2.56e-05,0.000128073,2,0.001681051,7.68e-05,0.003244968,88.51,1.72,0,"Bacteria","Actinobacteriota","Thermoleophilia","Gaiellales","Gaiellaceae","PALSA-612","","Erebus-TR",0.015723669,7438,22923,10027,6416.2,474,325,2487,37929,0.696928089,7618,0.889308074,4383.601266,2355965.4276353
"37","Erebus-TR_bin.18.strict_final",0,1,0,1,5.33e-05,0.011519727,4.12e-06,7.02e-05,2,0.002911834,6.17e-05,0.005738664,95.73,1.28,0,"Bacteria","Actinobacteriota","Acidimicrobiia","ATN3","","","","Erebus-TR",0.009149206,146,259925,160246,91099.14286,28,21,1769,259925,0.55154485,160246,0.91258451,68319.14286,1998414.29019116
"38","Erebus-TR_bin.3.permissive_final",1,1,0,0,7.67e-05,0.010671422,1.12e-06,1.15e-06,2,0.002687594,3.89e-05,0.005322671,94.55,0.91,0,"Bacteria","Chloroflexota","Anaerolineae","Thermoflexales","Thermoflexaceae","Thermoflexus","","Erebus-TR",0.023715963,2697,53616,18453,10283.82379,287,227,2341,55600,0.694973391,14803,0.897917177,8124.498258,2468987.83712322
"39","Erebus-TR_bin.4.strict_final",1,1,0,0,0.000192457,0.023882975,5.24e-05,5e-05,2,0.006044453,0.000122412,0.011892534,84.33,0.43,0,"Bacteria","Deinococcota","Deinococci","Deinococcales","Thermaceae","Calidithermus","Calidithermus chliarophilus","Erebus-TR",0.018151469,5213,46409,12379,7706.094851,456,369,3166,46409,0.686007576,10935,0.853275607,6224.421053,3371930.51108739
"40","Erebus-TR_bin.7.permissive_final",1,1,0,0,0.000878898,0.062846805,2.09e-05,8.99e-05,2,0.015959137,0.000484398,0.031260869,93.56,0,0,"Bacteria","Deinococcota","Deinococci","Deinococcales","Thermaceae","Meiothermus_B","","Erebus-TR",0.021597817,1368,130622,39256,16038.16129,176,155,2529,162578,0.664232554,34060,0.917150023,14116.74432,2657027.57588713
"41","Erebus-TR_bin.8.permissive_final",1,1,0,0,0.001080885,0.056422096,1.05e-05,5.12e-05,2,0.014391168,0.000566052,0.028024995,96.21,0,0,"Bacteria","Armatimonadota","HRBIN16","HRBIN16","HRBIN16","HRBIN16","","Erebus-TR",0.010803672,388,151683,83311,36543.45455,92,88,3009,151683,0.605552404,83307,0.913861269,34950.3913,3342504.93711672
"42","Erebus-TR_bin.9.permissive_final",1,1,0,0,0.000732601,0.063104049,2.23e-06,2.98e-05,2,0.015967171,0.0003812,0.031426403,90.74,0.19,0,"Bacteria","Armatimonadota","HRBIN17","HRBIN17","HRBIN17","HRBIN17","","Erebus-TR",0.018867412,1243,207272,83701,38442.66176,80,68,2356,207272,0.561779859,77128,0.923006035,32660.725,2880869.51730218
"43","Erebus-WC_bin.1.orig_final",0,0,1,1,8.01e-05,0.000226534,0.002308641,0.010023489,2,0.003159693,0.001267588,0.004687687,99.01,1.32,0,"Bacteria","Chloroflexota","Ktedonobacteria","Ktedonobacterales","JACDGC01","JACDGC01","","Erebus-WC",0.016667211,0,83027,17319,12999.44709,378,378,4766,83027,0.599140256,17319,0.872072093,12999.44709,4962923.94707605
"44","Erebus-WC_bin.10.orig_final",0,0,1,1,3.72e-07,5.98e-06,0.000592801,0.003880861,2,0.001120004,0.000299392,0.001861442,93.8,0.85,0,"Bacteria","Acidobacteriota","Acidobacteriae","Acidoferrales","UBA7541","","","Erebus-WC",0.015813291,0,56218,15692,11160.42424,330,330,3260,56218,0.55463054,15692,0.894169604,11160.42424,3926375.26652452
"45","Erebus-WC_bin.11.orig_final",0,0,1,1,0.000180545,6.98e-05,0.014556436,0.014110581,2,0.007229339,0.007145563,0.008205332,94.89,1.31,33.33,"Bacteria","Planctomycetota","Planctomycetia","Gemmatales","Gemmataceae","","","Erebus-WC",0.013162567,0,80313,18387,13595.11667,720,720,8252,80313,0.625131021,18387,0.865576018,13595.11667,10315611.7609864
"46","Erebus-WC_bin.12.permissive_final",0,0,1,1,3.14e-05,0.000226135,0.00188998,0.01656388,2,0.004677853,0.001058058,0.00796779,92.96,4.07,0,"Bacteria","CSP1-3","CSP1-3","CSP1-3","CSP1-3","JACQHU01","","Erebus-WC",0.047006502,240,322396,88469,18559.02618,215,191,3624,322396,0.6818476,88469,0.92375339,16486.20465,3813225.04302926
"47","Erebus-WC_bin.13.orig_final",1,0,0,1,0.000328554,8.85e-05,1.67e-05,0.000607355,2,0.000260284,0.000208547,0.000267054,87.8,1.57,33.33,"Bacteria","Actinobacteriota","Acidimicrobiia","Acidimicrobiales","JABEUL01","","","Erebus-WC",0.013381974,0,41398,12419,8827.727273,198,198,1700,41398,0.41166435,12419,0.868679379,8827.727273,1990763.09794989
"48","Erebus-WC_bin.14.orig_final",1,0,0,1,0.001310642,0.000370112,0.000139856,0.00243855,2,0.00106479,0.000840377,0.00104654,95.71,2.97,0,"Bacteria","Chloroflexota","FW602-bin22","FW602-bin22","CADDYW01","CADDYW01","","Erebus-WC",0.015219107,0,72157,13213,9387.724816,407,407,3537,72157,0.657526793,13213,0.86749883,9387.724816,3992063.52523247
"49","Erebus-WC_bin.15.strict_final",0,0,1,1,0.000390646,6.46e-05,0.001880484,0.004960224,2,0.001823991,0.001135565,0.002235252,95.76,1.16,0,"Bacteria","Proteobacteria","Alphaproteobacteria","Rhizobiales","Xanthobacteraceae","VAZQ01","","Erebus-WC",0.021479653,408,68838,19220,9786.170172,542,523,4941,68838,0.639641296,19186,0.865749594,9442.359779,5344785.92314119
"50","Erebus-WC_bin.16.permissive_final",0,1,0,1,7.22e-06,0.001198077,4.29e-05,0.003397716,2,0.001161472,0.000620474,0.001590146,95.85,2.73,0,"Bacteria","Nitrospirota","Nitrospiria","Nitrospirales","Nitrospiraceae","","","Erebus-WC",0.024049199,280,222413,52770,23485.95364,170,151,3886,222413,0.563460862,51896,0.855034953,20859.40588,3699925.92592593
"51","Erebus-WC_bin.17.orig_final",0,0,1,1,1.7e-05,1.24e-05,0.008257666,0.003766735,2,0.003013435,0.001891855,0.003918104,86.3,2.97,0,"Bacteria","Chloroflexota","Ktedonobacteria","Ktedonobacterales","Ktedonobacteraceae","CF-113","","Erebus-WC",0.016602302,0,112197,23533,16929.85668,307,307,4823,112197,0.568539169,23533,0.869476395,16929.85668,6022556.19930475
"52","Erebus-WC_bin.19.orig_final",0,0,1,1,8.04e-06,5.98e-06,0.000562847,0.002290311,2,0.000716795,0.000285444,0.00108124,96.7,1.98,0,"Bacteria","Chloroflexota","Ktedonobacteria","Ktedonobacterales","Ktedonobacteraceae","","","Erebus-WC",0.018927779,0,56413,14999,11443.82217,433,433,4468,56413,0.464809215,14999,0.83277745,11443.82217,5124276.11168563
"53","Erebus-WC_bin.2.strict_final",0,1,0,1,0.000165431,0.004194865,3.97e-05,0.003047661,2,0.001861904,0.001606546,0.002085451,96.31,1.98,0,"Bacteria","Chloroflexota","UBA2235","SpSt-225","SpSt-225","SpSt-225","","Erebus-WC",0.01786088,192,243889,59859,28916.69325,174,163,4339,243889,0.657597159,59859,0.861917703,27087.52299,4894009.96781227
"54","Erebus-WC_bin.21.strict_final",0,0,1,1,7.23e-05,9.69e-05,0.003915837,0.003722789,2,0.001951958,0.001909852,0.002157699,93.4,2.97,0,"Bacteria","Chloroflexota","Dehalococcoidia","DSGV01","DSGV01","","","Erebus-WC",0.021630855,368,51511,12365,6613.764354,871,836,5708,51511,0.699268133,12182,0.85629542,6347.576349,5919814.7751606
"55","Erebus-WC_bin.23.strict_final",1,0,0,1,0.001710892,0.00016312,0.000766661,0.005163696,2,0.001951092,0.001238777,0.002234446,92.54,2.55,0,"Bacteria","Proteobacteria","Alphaproteobacteria","Reyranellales","Reyranellaceae","Reyranella","","Erebus-WC",0.012496608,359,64503,17148,8971.456522,817,782,7265,64503,0.665687239,16878,0.917951776,8586.682987,7581239.46401556
"56","Erebus-WC_bin.25.orig_final",0,0,1,1,1.29e-05,3.19e-06,0.001671433,0.002978834,2,0.001166584,0.000842156,0.001440328,99.8,2.02,0,"Bacteria","Chloroflexota","Anaerolineae","Aggregatilineales","UBA2796","","","Erebus-WC",0.016340462,0,84242,18028,13301.77455,448,448,5514,84242,0.557095379,18028,0.888621869,13301.77455,5971137.2745491
"57","Erebus-WC_bin.26.orig_final",0,0,1,1,3.94e-05,4.55e-05,0.001193561,0.003576908,2,0.00121383,0.000619514,0.001666228,93.11,0,0,"Bacteria","CSP1-3","CSP1-3","CSP1-3","NP-7","","","Erebus-WC",0.01274436,0,127896,37596,25341.04167,120,120,2908,127896,0.735709036,37596,0.88352031,25341.04167,3265948.87767157
"58","Erebus-WC_bin.28.permissive_final",0,0,1,1,5.96e-06,4.03e-05,0.000949249,0.001896511,2,0.000722999,0.000494765,0.000896023,92.31,1.28,0,"Bacteria","Actinobacteriota","Acidimicrobiia","Acidimicrobiales","RAAP-2","Bog-756","","Erebus-WC",0.028514155,209,101427,32812,16234.1,210,190,2983,101427,0.700887082,30479,0.891008174,14687,3341435.38078215
"59","Erebus-WC_bin.29.strict_final",0,0,1,1,1.97e-05,7.42e-05,0.000451129,0.001533211,2,0.000519563,0.000262655,0.000702463,94.76,1.3,0,"Bacteria","Proteobacteria","Alphaproteobacteria","Sphingomonadales","Sphingomonadaceae","","","Erebus-WC",0.024688064,50,48204,15265,9477.608059,278,273,2594,48204,0.662517098,14856,0.914422543,9306.967626,2730463.27564373
"60","Erebus-WC_bin.3.orig_final",0,0,1,1,1.51e-05,7.98e-07,0.001793763,0.025097049,2,0.006726681,0.000904439,0.012275813,92.59,1.11,0,"Bacteria","CSP1-3","CSP1-3","CSP1-3","NP-7","NP-7","","Erebus-WC",0.018925295,0,146349,35252,19654.6369,168,168,3228,146349,0.676666024,35252,0.89937277,19654.6369,3566237.17464089
"61","Erebus-WC_bin.34.orig_final",0,0,1,1,2.68e-06,3.59e-06,0.000157591,0.000240996,2,0.000101214,8.06e-05,0.000118261,91.8,1.98,0,"Bacteria","Chloroflexota","Ktedonobacteria","Ktedonobacterales","Ktedonobacteraceae","DTNP01","","Erebus-WC",0.017221522,0,41222,10362,8070.452962,574,574,4236,41222,0.512034263,10362,0.883963527,8070.452962,5046230.93681917
"62","Erebus-WC_bin.35.orig_final",0,0,1,1,9.03e-05,4.39e-06,0.000779858,0.041945719,2,0.010705068,0.000435084,0.020829992,99.67,4.62,14.29,"Bacteria","Chloroflexota","Ktedonobacteria","Ktedonobacterales","Ktedonobacteraceae","CF-113","","Erebus-WC",0.015758784,0,161354,44331,24542.02429,247,247,5508,161354,0.538327384,44331,0.872071206,24542.02429,6081950.43644025
"63","Erebus-WC_bin.40.orig_final",0,0,1,1,0.00019886,0.000122041,0.016330648,0.00609477,2,0.00568658,0.003146815,0.007627625,82.66,1.14,0,"Bacteria","Planctomycetota","Planctomycetia","Gemmatales","Gemmataceae","","","Erebus-WC",0.017662851,0,37022,8365,6428.560653,1286,1286,6908,37022,0.690456506,8365,0.863837131,6428.560653,10001365.8359545
"64","Erebus-WC_bin.41.orig_final",0,0,1,1,7.27e-05,6.1e-05,0.000414961,0.001705079,2,0.000563431,0.000243813,0.000778604,91.94,1.95,0,"Bacteria","Dormibacterota","Dormibacteria","Dormibacterales","Dormibacteraceae","","","Erebus-WC",0.018468078,0,32046,8138,5948.469453,622,622,4033,32046,0.686199644,8138,0.901895919,5948.469453,4024307.15684142
"65","Erebus-WC_bin.47.orig_final",0,0,1,1,0.000777198,0.000102499,0.001431659,0.006072095,2,0.002095863,0.001104428,0.002705794,98.02,1.98,0,"Bacteria","Chloroflexota","","","","","","Erebus-WC",0.011634451,0,225551,82062,43573.75591,127,127,5235,225551,0.698659364,82062,0.889836709,43573.75591,5645650.88757396
"66","Erebus-WC_bin.48.permissive_final",0,0,1,1,2.17e-05,7.74e-05,0.00020165,0.001130783,2,0.000357886,0.000139511,0.000520724,88.6,2.14,0,"Bacteria","Actinobacteriota","Acidimicrobiia","IMCC26256","IMCC26256","","","Erebus-WC",0.019498978,240,37689,12836,7526.84472,346,322,2597,37689,0.726230129,12421,0.921576766,7004.057803,2735489.84198646
"67","Erebus-WC_bin.51.orig_final",0,0,1,1,0.000117633,0.000380082,0.005977093,0.005127778,2,0.002900647,0.00275393,0.003083453,94.06,1.98,0,"Bacteria","Chloroflexota","UBA4733","UBA4733","","","","Erebus-WC",0.016603255,0,69871,17270,11423.20727,550,550,5963,69871,0.704810335,17270,0.872338353,11423.20727,6679527.96087604
"68","Erebus-WC_bin.53.orig_final",0,0,1,1,1.96e-05,6.42e-05,0.028149238,0.003898419,2,0.008032862,0.001981315,0.013533591,94.87,1.38,33.33,"Bacteria","Actinobacteriota","Acidimicrobiia","IMCC26256","PALSA-555","","","Erebus-WC",0.015736686,0,191405,44214,17313.99225,258,258,4474,191405,0.694084186,44214,0.916278898,17313.99225,4708559.08084747
"69","Erebus-WC_bin.55.permissive_final",0,1,0,1,0.000997499,0.002930583,6.66e-05,0.003056941,2,0.001762909,0.001964041,0.001472103,97.48,2.52,0,"Bacteria","Desulfobacterota_D","UBA1144","UBA2774","CSP1-2","CSP1-2","","Erebus-WC",0.019655995,160,265938,81791,30553.46875,103,96,3060,265938,0.43661227,81791,0.870770265,28475.46602,3008958.76077144
"70","Erebus-WC_bin.56.orig_final",0,0,1,1,1.32e-05,9.57e-06,0.00011458,9.58e-05,2,5.83e-05,5.45e-05,5.47e-05,100,0.85,0,"Bacteria","Acidobacteriota","Acidobacteriae","Acidobacteriales","Koribacteraceae","","","Erebus-WC",0.014854179,0,642498,326317,160011.2593,27,27,3781,642498,0.597112842,326317,0.879375387,160011.2593,4320304
"71","Erebus-WC_bin.57.orig_final",0,0,1,1,7.97e-06,4.03e-05,0.002215287,0.001594614,2,0.000964537,0.000817448,0.001115146,81.71,3.42,0,"Bacteria","Acidobacteriota","UBA6911","JACOSC01","JACOSC01","JACOSC01","","Erebus-WC",0.024194616,0,24987,5530,4738.427184,1030,1030,4664,24987,0.582728282,5530,0.856611919,4738.427184,5973051.03414515
"72","Erebus-WC_bin.8.strict_final",0,0,1,1,7.74e-06,2.39e-06,0.001995832,0.000757501,2,0.000690867,0.000382622,0.000939509,88.16,1.23,0,"Bacteria","Proteobacteria","Gammaproteobacteria","Steroidobacterales","Steroidobacteraceae","13-2-20CM-66-19","","Erebus-WC",0.042011582,155,140438,34807,11580.83806,261,247,2807,140438,0.707050839,34807,0.917248128,10959.04981,3244631.35208711
"73","Mel_bin.11.strict_final",0,0,1,1,4.07e-05,1.16e-05,0.014769467,0.002697053,2,0.004379684,0.001368852,0.00704004,87.5,1.14,0,"Bacteria","Planctomycetota","Planctomycetia","Gemmatales","Gemmataceae","","","Melbourne",0.020784966,996,123710,27196,11652.28037,739,642,6376,123710,0.61449553,25804,0.859531326,10121.47226,8549444.57142857
"74","Mel_bin.12.orig_final",0,0,1,1,1.36e-05,3.75e-05,0.006961534,0.000489817,2,0.001875598,0.000263653,0.003397695,98.99,1.28,0,"Bacteria","Actinobacteriota","Acidimicrobiia","IMCC26256","PALSA-555","PALSA-555","","Melbourne",0.01903721,0,417946,116814,67603.06122,49,49,3387,417946,0.709989283,116814,0.911937933,67603.06122,3346348.11597131
"75","Mel_bin.13.orig_final",0,0,1,1,4.7e-05,3.39e-05,0.010828354,0.003566825,2,0.003619014,0.001806902,0.005085594,92.3,1.14,0,"Bacteria","Planctomycetota","Planctomycetia","Gemmatales","Gemmataceae","","","Melbourne",0.012325752,0,205722,39799,25835.87025,316,316,6617,205722,0.663924347,39799,0.904111826,25835.87025,8845216.68472373
"76","Mel_bin.14.orig_final",0,0,1,1,1.27e-06,7.98e-07,0.000105852,9.07e-05,2,4.97e-05,4.6e-05,5.65e-05,83.34,2.48,66.67,"Bacteria","Chloroflexota","Ktedonobacteria","Ktedonobacterales","JACDGC01","JACDGC01","","Melbourne",0.023660824,0,33794,4600,4053.104686,1003,1003,4608,33794,0.599236606,4600,0.876524132,4053.104686,4877926.56587473
"77","Mel_bin.15.permissive_final",0,0,1,1,1.94e-06,7.98e-07,0.003130882,8.46e-05,2,0.000804561,4.33e-05,0.001551377,90.6,1.28,0,"Bacteria","Actinobacteriota","Acidimicrobiia","IMCC26256","IMCC26256","","","Melbourne",0.035107107,496,291232,90140,19042.85714,164,133,2588,291240,0.726965521,79439,0.922782011,15440.26829,2795474.61368653
"78","Mel_bin.18.orig_final",0,0,1,1,6.05e-05,9.25e-05,0.009585079,0.001157672,2,0.002723933,0.0006251,0.004602423,94.73,1.74,0,"Bacteria","Planctomycetota","Planctomycetia","Isosphaerales","Isosphaeraceae","","","Melbourne",0.020903086,0,115674,23728,15831.11398,465,465,5937,115674,0.723539381,23728,0.869020554,15831.11398,7770999.68331046
"79","Mel_bin.2.strict_final",0,0,1,1,0.00011942,3.59e-05,0.077202,0.005631892,2,0.020747302,0.002875656,0.037727446,90.34,2.79,28.57,"Bacteria","Planctomycetota","Planctomycetia","Gemmatales","Gemmataceae","","","Melbourne",0.031182125,1777,169834,43950,12007.33557,1033,894,9219,177634,0.620980713,41100,0.883846731,10389.91384,11882397.6090325
"80","Mel_bin.20.orig_final",0,0,1,1,1.24e-05,9.17e-06,0.000876703,0.000334103,2,0.000308084,0.000173231,0.000408577,97.19,3.96,0,"Bacteria","Chloroflexota","Ktedonobacteria","Ktedonobacterales","Ktedonobacteraceae","CF-113","","Melbourne",0.01568815,0,162448,29527,18984.77656,273,273,4840,162448,0.568298216,29527,0.866702336,18984.77656,5332692.66385431
"81","Mel_bin.25.orig_final",0,0,1,1,8.86e-06,1.2e-06,0.000818121,0.000263771,2,0.000272987,0.000136315,0.000383358,77.96,1.14,0,"Bacteria","Planctomycetota","Planctomycetia","Gemmatales","Gemmataceae","","","Melbourne",0.014879781,0,50925,11340,8175.828974,994,994,6694,50925,0.691112365,11340,0.865090748,8175.828974,10424286.8137506
"82","Mel_bin.26.orig_final",0,0,1,1,7.53e-05,6.18e-05,0.017002489,0.004696805,2,0.005459114,0.002386075,0.007998883,94.75,1.54,0,"Bacteria","Proteobacteria","Gammaproteobacteria","Steroidobacterales","Steroidobacteraceae","13-2-20CM-66-19","","Melbourne",0.017745851,0,112126,29632,19431.33987,153,153,2839,112126,0.708840075,29632,0.925997857,19431.33987,3137725.59366755
"83","Mel_bin.27.orig_final",0,0,1,1,0.000145404,0,0.00912592,0.003700064,2,0.003242847,0.001922734,0.004279011,99.17,3.96,0,"Bacteria","Chloroflexota","Ktedonobacteria","Ktedonobacterales","Ktedonobacteraceae","DTNP01","","Melbourne",0.014536219,0,219864,30726,20543.56134,269,269,4915,219864,0.511922801,30726,0.878950668,20543.56134,5572469.49682364
"84","Mel_bin.28.orig_final",1,0,1,0,0.000269812,5.18e-06,0.005123083,5.83e-05,2,0.001364093,0.000164052,0.002508599,91.8,0.63,50,"Bacteria","Proteobacteria","Alphaproteobacteria","Rhizobiales","Beijerinckiaceae","Methylocella","","Melbourne",0.016035903,0,37997,9436,6797.628959,442,442,2995,37997,0.59719053,9436,0.84110909,6797.628959,3272932.46187364
"85","Mel_bin.29.orig_final",0,0,1,1,9.34e-05,1.87e-05,0.005032592,0.000289054,2,0.001358457,0.000191245,0.002452074,91.17,1.01,0,"Bacteria","Proteobacteria","Alphaproteobacteria","Rhizobiales","Hyphomicrobiaceae","Hyphomicrobium_A","","Melbourne",0.013912884,0,140083,36617,20205.87234,141,141,2969,140083,0.660179191,36617,0.8644636,20205.87234,3124962.1586048
"86","Mel_bin.33.orig_final",0,0,1,1,9.92e-05,9.33e-05,0.006161916,0.000309522,2,0.001666002,0.000204383,0.002998962,99.07,0.1,0,"Bacteria","Dormibacterota","Dormibacteria","Dormibacterales","Dormibacteraceae","","","Melbourne",0.01353201,0,158414,23204,11695.68025,319,319,3831,158414,0.68886404,23204,0.914558653,11695.68025,3765945.29120824
"87","Mel_bin.34.strict_final",0,0,1,1,2.23e-05,7.98e-07,0.006030927,0.000564213,2,0.00165455,0.000293237,0.002929208,95.42,0.72,0,"Bacteria","Cyanobacteria","Cyanobacteriia","Cyanobacteriales","Nostocaceae","Tolypothrix_B","","Melbourne",0.021065206,686,130578,24076,11493.96161,565,521,5570,130578,0.424857557,22712,0.783890866,10597.64248,6275784.95074408
"88","Mel_bin.36.orig_final",0,0,1,1,1.06e-05,1.24e-05,0.003889723,0.001205831,2,0.001279641,0.000609097,0.001828871,97.03,0.99,0,"Bacteria","Chloroflexota","Ktedonobacteria","Ktedonobacterales","JACDGC01","JACDGC01","","Melbourne",0.020875865,0,50662,15710,10957.84375,384,384,3968,50662,0.610587165,15710,0.8573066,10957.84375,4336609.29609399
"89","Mel_bin.37.strict_final",0,0,1,1,5.93e-05,1.83e-05,0.027179461,0.001629178,2,0.007221581,0.000844258,0.013326368,97.69,0.93,0,"Bacteria","Dormibacterota","Dormibacteria","Dormibacterales","Dormibacteraceae","40CM-4-65-16","","Melbourne",0.035867336,269,292356,90370,16519.95361,212,194,3434,292356,0.673389706,87735,0.912625188,15116.04717,3280654.1099396
"90","Mel_bin.39.orig_final",0,0,1,1,2.98e-07,3.99e-07,0.000935983,7.32e-05,2,0.000252468,3.68e-05,0.000456969,97.44,1.28,0,"Bacteria","Actinobacteriota","Acidimicrobiia","IMCC26256","PALSA-555","","","Melbourne",0.013639981,0,181171,55130,28615.97279,147,147,4134,181171,0.694589245,55130,0.917406149,28615.97279,4317064.86042693
"91","Mel_bin.4.strict_final",0,0,1,1,8.96e-05,1.6e-05,0.026770994,0.003779226,2,0.007663953,0.001934433,0.012858619,94.44,0.93,0,"Bacteria","CSP1-3","CSP1-3","CSP1-3","NP-7","NP-7","","Melbourne",0.029089436,315,127552,44826,13945.1308,258,237,3294,127552,0.675387125,44826,0.891273696,12808.84109,3499572.21516307
"92","Mel_bin.41.orig_final",0,0,1,1,4.99e-06,1.28e-05,0.000615912,0.000292265,2,0.000231482,0.000152514,0.000289032,92.61,1.2,0,"Bacteria","Planctomycetota","Planctomycetia","Gemmatales","Gemmataceae","","","Melbourne",0.012785588,0,91293,15716,12126.08508,764,764,7782,91293,0.625760484,15716,0.867568498,12126.08508,10003594.6442069
"93","Mel_bin.5.orig_final",0,0,1,1,4.07e-05,2.51e-05,0.00538939,0.001935439,2,0.00184767,0.000988082,0.002525747,83.94,0.88,0,"Bacteria","Acidobacteriota","Acidobacteriae","Bryobacterales","Bryobacteraceae","Bog-159","","Melbourne",0.014864774,0,47564,13862,10660.35687,793,793,7940,47564,0.596998958,13862,0.910488625,10660.35687,10071078.1510603
"94","Mel_bin.6.orig_final",0,0,1,1,1.04e-06,0,0.01885651,0.010002771,2,0.007215081,0.005001906,0.009081003,100,0.85,0,"Bacteria","Acidobacteriota","Acidobacteriae","Acidobacteriales","Koribacteraceae","","","Melbourne",0.021440338,0,642498,458535,155527.7857,28,28,3801,642498,0.596829735,458535,0.878684516,155527.7857,4354778
"95","Mel_bin.7.orig_final",0,0,1,1,7.82e-06,3.99e-07,0.009433073,0.000322314,2,0.002440901,0.000165066,0.004663862,92.09,0.85,0,"Bacteria","Acidobacteriota","Acidobacteriae","Acidoferrales","UBA7541","","","Melbourne",0.014855163,0,76657,16319,11337.48308,325,325,3268,76657,0.553928127,16319,0.894378945,11337.48308,4001174.93756108
"96","Mel_bin.8.permissive_final",0,0,1,1,4.24e-06,1.6e-06,0.006229016,0.00036957,2,0.001651106,0.000186907,0.003056831,89.09,2.73,0,"Bacteria","Chloroflexota","Anaerolineae","Aggregatilineales","UBA2796","","","Melbourne",0.017725002,1057,92347,23398,13015.18004,654,561,6777,92347,0.524935487,20386,0.876748062,11162.78135,8195662.81288585
"97","Mel_bin.9.orig_final",0,0,1,1,4.02e-06,1.48e-05,0.000199206,0.000126166,2,8.6e-05,7.05e-05,9.35e-05,93.07,1.98,0,"Bacteria","Chloroflexota","UBA4733","UBA4733","","","","Melbourne",0.018166083,0,46338,12671,8909.648609,683,683,5877,46338,0.704497567,12671,0.873857121,8909.648609,6538401.20339529
"98","Ritt_bin.14.strict_final",1,1,0,0,0.006058628,0.001617643,4.41e-05,0.000117939,2,0.001959585,0.000867791,0.002827231,97.69,0,0,"Bacteria","Chloroflexota","FW602-bin22","FW602-bin22","DSKJ01","DSKJ01","DSKJ01 sp011051445","Rittmann",0.023765282,426,188170,33714,14897.29515,234,227,3372,188170,0.698456788,33280,0.875105495,14449.82906,3461650.11771932
"99","Ritt_bin.4.orig_final",1,1,0,0,0.002787087,0.000496939,2.94e-05,1.49e-05,2,0.000832093,0.000263167,0.001322419,96.36,0.91,0,"Bacteria","Chloroflexota","Anaerolineae","Thermoflexales","Thermoflexaceae","Thermoflexus","","Rittmann",0.016437458,0,85216,39890,22782.18269,104,104,2247,85216,0.696902142,39890,0.9231227,22782.18269,2458849.10751349
"100","Erebus-TR_bin.17.permissive_final",1,1,0,1,0.001354494,0.019768273,1.86e-05,0.000112923,3,0.005313583,0.000733708,0.009655667,97.88,0.24,0,"Bacteria","Cyanobacteria","Cyanobacteriia","Leptolyngbyales","Leptolyngbyaceae","Leptolyngbya","","Erebus-TR",0.015926944,758,132681,36688,19391.88936,261,235,4577,132681,0.472181815,34112,0.873485822,17457.22605,4655796.89415611
"101","Erebus-TR_bin.2.permissive_final",1,1,0,1,0.072842318,0.027155352,1.54e-06,0.001416125,3,0.025353833,0.014285739,0.034030156,94.22,0,0,"Bacteria","Chloroflexota","Dehalococcoidia","SpSt-223","SpSt-223","SpSt-223","","Erebus-TR",0.02475651,1828,101814,49111,21309.86066,149,122,2603,112543,0.653208749,42774,0.920958626,17436.07383,2759289.95966886
"102","Erebus-TR_bin.6.strict_final",1,1,0,1,5.45e-05,0.044680621,1.61e-06,0.000138407,3,0.011218783,9.65e-05,0.022307963,94.02,2.56,0,"Bacteria","Acidobacteriota","Blastocatellia","Pyrinomonadales","Pyrinomonadaceae","Pyrinomonas","","Erebus-TR",0.015170478,1130,228796,61112,40171.91765,98,85,2874,287405,0.60106261,58511,0.84596761,34831.45918,3631794.2990853
"103","Erebus-WC_bin.18.strict_final",1,1,0,1,0.000266164,0.001317327,1.19e-06,0.008267793,3,0.002463118,0.000791745,0.0039113,93.52,0,0,"Bacteria","Armatimonadota","Chthonomonadetes","Chthonomonadales","Chthonomonadaceae","Chthonomonas","","Erebus-WC",0.02171954,150,557398,168594,74291.15909,50,44,2801,581836,0.532334188,168594,0.894393099,65373.22,3495306.88622755
"104","Erebus-WC_bin.22.strict_final",1,0,1,1,7.79e-05,2.19e-05,0.006155073,0.010808079,3,0.004265741,0.003116475,0.005225574,98.15,0,0,"Bacteria","Dormibacterota","Dormibacteria","Dormibacterales","Dormibacteraceae","","","Erebus-WC",0.04344459,167,233600,123314,27340.73118,101,93,2592,233600,0.685192374,122229,0.922625977,25173.47525,2590614.36576668
"105","Erebus-WC_bin.27.orig_final",1,1,0,1,0.000697088,0.001773186,5.45e-05,0.001955004,3,0.001119953,0.001235137,0.000901473,89.7,2.56,0,"Bacteria","Acidobacteriota","Blastocatellia","Pyrinomonadales","Pyrinomonadaceae","Pyrinomonas","","Erebus-WC",0.01753174,0,74386,18287,11803.79054,296,296,3002,74386,0.600590683,18287,0.85340829,11803.79054,3895119.28651059
"106","Erebus-WC_bin.30.orig_final",1,1,0,1,0.000465395,0.000210182,2.79e-07,6.38e-05,3,0.000184917,0.000136996,0.000206611,93.73,0,0,"Bacteria","Chloroflexota","Dehalococcoidia","SpSt-223","SpSt-223","SpSt-223","","Erebus-WC",0.015725052,0,146812,26642,18977.03906,128,128,2411,146812,0.654063443,26642,0.927853603,18977.03906,2591551.26426971
"107","Erebus-WC_bin.31.orig_final",1,0,1,1,0.001706202,1.08e-05,0.000740757,0.005393505,3,0.001962808,0.001223479,0.002390216,97.22,0,0,"Bacteria","Eremiobacterota","Eremiobacteria","Baltobacterales","Baltobacteraceae","Elarobacter","","Erebus-WC",0.015477959,0,166494,60933,37165.26966,89,89,3329,166494,0.688740152,60933,0.932616201,37165.26966,3402292.73811973
"108","Erebus-WC_bin.32.strict_final",1,0,1,1,0.000907711,0.000783696,0.003732969,0.016864372,3,0.005572187,0.00232034,0.007650341,98.84,0.87,0,"Bacteria","Acidobacteriota","Acidobacteriae","Bryobacterales","Bryobacteraceae","TMP-7","","Erebus-WC",0.016166705,306,287616,95156,27029.83772,249,228,5892,287616,0.613656445,95156,0.911190411,24748.98394,6235130.51396196
"109","Erebus-WC_bin.39.orig_final",1,1,0,1,7.9e-05,0.000165513,0.000103897,0.000674176,3,0.000255645,0.000134705,0.00028138,97.69,0.99,0,"Bacteria","Chloroflexota","Dehalococcoidia","DSGV01","DSGV01","DSGV01","","Erebus-WC",0.013226071,0,136427,44981,29024.65,120,120,3433,136427,0.694730456,44981,0.882995431,29024.65,3565316.81850752
"110","Erebus-WC_bin.4.strict_final",1,0,1,1,2.69e-05,8.18e-05,0.000673447,0.000674577,3,0.000364165,0.000377603,0.000358481,99.07,0,0,"Bacteria","Dormibacterota","Dormibacteria","Dormibacterales","","","","Erebus-WC",0.04220671,765,531657,350889,50320.03704,69,54,2605,531657,0.68928006,261214,0.908673446,39369.81159,2742789.94650247
"111","Erebus-WC_bin.42.permissive_final",1,0,1,1,0.000666712,0.00210501,0.003550939,0.014643591,3,0.005241563,0.002827975,0.006377658,96.58,1.28,0,"Bacteria","Deinococcota","Deinococci","Deinococcales","Thermaceae","Meiothermus","","Erebus-WC",0.021680845,219,139786,34947,14494.17131,255,251,3745,139786,0.634287917,33813,0.857943996,14265.95294,3766863.73990474
"112","Erebus-WC_bin.43.strict_final",1,0,1,1,0.002634387,7.58e-05,0.002995634,0.030223522,3,0.00898233,0.00281501,0.014220312,98.02,2.97,0,"Bacteria","Chloroflexota","UBA5177","UBA5177","","","","Erebus-WC",0.022305807,513,100709,26323,11061.08964,688,647,6864,100709,0.663389888,26238,0.867885741,10401.18023,7301086.51295654
"113","Erebus-WC_bin.44.strict_final",1,0,1,1,0.0045731,0.000160329,0.001001338,0.041756595,3,0.01187284,0.002787219,0.020014141,85.65,2.04,0,"Bacteria","CSP1-3","CSP1-3","CSP1-3","NP-7","","","Erebus-WC",0.031543377,107,239430,82681,22818.03077,140,130,3020,239430,0.697671157,82681,0.892551235,21187.40714,3463332.16579101
"114","Erebus-WC_bin.45.orig_final",1,0,1,1,5.26e-05,2.27e-05,4.87e-05,0.000184961,3,7.73e-05,5.07e-05,7.3e-05,96.76,3.18,0,"Bacteria","Nitrospirota","Nitrospiria","Nitrospirales","Nitrospiraceae","","","Erebus-WC",0.016957679,0,142321,68257,36266.84211,95,95,3543,142321,0.607167051,68257,0.884462827,36266.84211,3560717.23852832
"115","Erebus-WC_bin.46.orig_final",1,0,1,1,0.001025121,1.36e-05,0.002019014,0.031193474,3,0.008562792,0.001522067,0.01510932,98.31,1.47,0,"Bacteria","Cyanobacteria","Cyanobacteriia","Cyanobacteriales","Nostocaceae","Aetokthonos","","Erebus-WC",0.016910285,0,123823,27698,18201.52068,411,411,6757,123823,0.420580751,27698,0.807632447,18201.52068,7609424.2701658
"116","Erebus-WC_bin.52.orig_final",1,0,1,1,0.001678878,6.78e-05,0.00258982,0.023116662,3,0.00686329,0.002134349,0.010885639,86.36,2.56,0,"Bacteria","Planctomycetota","Planctomycetia","Gemmatales","Gemmataceae","","","Erebus-WC",0.013063373,0,110136,34511,22460.89939,328,328,6090,110136,0.684658095,34511,0.878465898,22460.89939,8530772.3483094
"117","Erebus-WC_bin.54.orig_final",1,0,1,1,0.001649247,9.81e-05,7.14e-05,0.015853384,3,0.004418043,0.000873679,0.007659158,94.02,1.71,0,"Bacteria","Acidobacteriota","Acidobacteriae","Acidoferrales","UBA7541","","","Erebus-WC",0.009587163,0,158175,63836,35359.52336,107,107,3291,158175,0.606742119,63836,0.876998596,35359.52336,4024110.82748351
"118","Erebus-WC_bin.6.orig_final",1,1,0,1,6.11e-05,0.000790077,8.38e-07,0.002086137,3,0.000734544,0.000425601,0.000969829,97.73,1.19,16.67,"Bacteria","Cyanobacteria","Cyanobacteriia","Leptolyngbyales","Leptolyngbyaceae","Leptolyngbya","","Erebus-WC",0.012481316,0,75546,17443,12305.73025,367,367,4627,75546,0.47203104,17443,0.875317164,12305.73025,4621102.0157577
"119","Erebus-WC_bin.60.permissive_final",1,1,0,1,0.021881329,0.001250722,0.000109832,0.128463828,3,0.037926428,0.011566026,0.061181883,98.06,0.97,0,"Archaea","Thermoproteota","Nitrososphaeria","Conexivisphaerales","DTJL01","","","Erebus-WC",0.063816097,1525,888261,1603572,48282.2,44,35,1880,1603572,0.451591256,888261,0.882031059,38371.63636,1723309.19844993
"120","Erebus-WC_bin.7.strict_final",1,0,1,1,0.003831639,0.000723074,0.001716888,0.007761271,3,0.003508218,0.002774264,0.003117636,99.03,1.94,0,"Archaea","Thermoproteota","Nitrososphaeria","Nitrososphaerales","Nitrososphaeraceae","","","Erebus-WC",0.047024334,277,509177,150572,10079.15132,330,304,3695,509177,0.513018701,150572,0.843598791,9284.19697,3094074.52287186
"121","Mel_bin.1.orig_final",1,0,1,1,8.09e-05,1.2e-06,0.028784562,0.00112682,3,0.007498377,0.000603874,0.014200055,81.64,2.56,0,"Bacteria","Planctomycetota","Planctomycetia","Gemmatales","Gemmataceae","","","Melbourne",0.016393023,0,130848,33259,18846.57431,397,397,6253,130848,0.682926161,33259,0.87630515,18846.57431,9164735.42381186
"122","Mel_bin.17.orig_final",1,0,1,1,1.87e-05,0.000277584,0.000147607,0.000452193,3,0.000224018,0.000212595,0.000185232,98.29,0.85,0,"Bacteria","Deinococcota","Deinococci","Deinococcales","Thermaceae","Meiothermus","","Melbourne",0.019489828,0,52192,18884,11819.15947,301,301,3652,52192,0.63504187,18884,0.863560686,11819.15947,3619459.76192899
"123","Mel_bin.21.strict_final",1,0,1,1,3.23e-05,7.98e-06,0.000433534,0.000172319,3,0.000161535,0.000102315,0.000195259,98.15,0,0,"Bacteria","Dormibacterota","Dormibacteria","Dormibacterales","Dormibacteraceae","","","Melbourne",0.023699876,366,395912,70939,21942.55556,127,108,2444,395912,0.687526114,70939,0.927118199,18656.92913,2414463.57615894
"124","Mel_bin.24.orig_final",1,0,1,1,5.66e-06,0,0.009864442,7.63e-05,3,0.002486601,4.1e-05,0.004918683,94.02,1.71,0,"Bacteria","Acidobacteriota","Acidobacteriae","Acidoferrales","UBA7541","","","Melbourne",0.010754518,0,181272,51507,30052.69841,126,126,3317,181272,0.607308854,51507,0.875783016,30052.69841,4027483.51414593
"125","Mel_bin.32.strict_final",1,0,1,1,0.001338784,1.6e-06,0.036458783,0.016715079,3,0.01362856,0.009026932,0.01700469,99.07,0,0,"Bacteria","Dormibacterota","Dormibacteria","Dormibacterales","","","","Melbourne",0.036653247,895,382580,270235,32581.09412,113,85,2667,674648,0.689492642,251654,0.908963083,24499.9823,2795390.12819219
"126","Ritt_bin.1.strict_final",1,0,1,1,0.002996444,0.000693162,0.000353446,0.00550703,3,0.00238752,0.001844803,0.002388196,96.76,2.73,0,"Bacteria","Nitrospirota","Nitrospiria","Nitrospirales","Nitrospiraceae","","","Rittmann",0.016888906,20,125595,32485,19298.03846,184,182,3671,125595,0.606011919,32485,0.884516248,19088.16848,3629850.14468789
"127","Ritt_bin.10.strict_final",1,0,1,1,0.000199679,7.34e-05,0.000599574,0.000599228,3,0.000367966,0.000399453,0.000272166,80.73,1.88,0,"Bacteria","Acidobacteriota","Acidobacteriae","Acidoferrales","UBA7541","","","Rittmann",0.016355438,120,15627,4151,3535.122358,911,899,3477,15923,0.606560823,4106,0.875824202,3488.424808,3936671.62145423
"128","Ritt_bin.11.strict_final",1,1,0,1,0.003040296,0.007661871,0.000210029,0.000699309,3,0.002902876,0.001869802,0.003404607,80.58,2.74,0,"Bacteria","Acidobacteriota","Blastocatellia","RBC074","RBC074","","","Rittmann",0.018610097,110,35554,8023,6397.295143,814,803,4925,35554,0.626443521,7991,0.875981015,6310.710074,6375065.7731447
"129","Ritt_bin.12.permissive_final",1,1,0,1,0.004060428,0.000636927,5.75e-05,6.14e-05,3,0.001204056,0.000349165,0.00192361,94.72,0,0,"Bacteria","Chloroflexota","Dehalococcoidia","SpSt-223","SpSt-223","SpSt-223","","Rittmann",0.024453595,572,219407,90074,29119.16471,90,85,2444,219407,0.654020093,90074,0.924875835,27495.07778,2613100.71790541
"130","Ritt_bin.13.permissive_final",1,1,0,1,0.007130132,6.82e-05,1.96e-05,0.000194091,3,0.001852993,0.000131145,0.003518861,93.52,0,0,"Bacteria","Armatimonadota","Chthonomonadetes","Chthonomonadales","Chthonomonadaceae","Chthonomonas","","Rittmann",0.020677358,2207,222538,97438,47601.18841,81,69,2819,310513,0.532752435,82997,0.892701193,40521.91358,3512063.72968349
"131","Ritt_bin.15.permissive_final",1,0,1,1,3.42e-05,3.99e-07,5.59e-07,4.62e-06,3,9.94e-06,2.59e-06,1.63e-05,94.17,0.97,0,"Archaea","Thermoproteota","Nitrososphaeria","Nitrososphaerales","Nitrososphaeraceae","","","Rittmann",0.024999276,20,380874,162006,85278.08333,26,24,2400,380874,0.512920113,162006,0.861073136,78717.46154,2173382.18116173
"132","Ritt_bin.3.strict_final",1,1,0,1,0.005996685,0.005188743,7.36e-05,0.010279534,3,0.005384639,0.005592714,0.004186493,97.69,1.98,0,"Bacteria","Chloroflexota","Dehalococcoidia","DSGV01","DSGV01","DSGV01","","Rittmann",0.019100464,48,286089,109855,36190.71717,103,99,3517,524488,0.693689044,109855,0.882084836,34784.78641,3667602.62053434
"133","Ritt_bin.5.strict_final",1,0,1,1,0.002736758,0.000450675,0.001602308,0.000665798,3,0.001363884,0.001134053,0.001042897,98.15,0,0,"Bacteria","Dormibacterota","Dormibacteria","Dormibacterales","Dormibacteraceae","","","Rittmann",0.022694823,20,221898,45437,19999.03937,129,127,2639,221898,0.686616732,45437,0.929146203,19688.82171,2587751.40091696
"134","Ritt_bin.6.strict_final",1,0,1,1,0.000225588,1.91e-05,2.73e-05,0.000867163,3,0.000284799,0.000126444,0.000399805,86.11,1.85,0,"Bacteria","CSP1-3","CSP1-3","CSP1-3","NP-7","","","Rittmann",0.013970749,109,240443,67653,31344.76344,95,93,2945,240443,0.698769861,61701,0.895824893,30683.72632,3385278.13262107
"135","Ritt_bin.9.permissive_final",1,1,0,1,0.001285477,0.00012922,1.12e-06,0.000846745,3,0.00056564,0.000487983,0.000607271,92.23,0.97,0,"Archaea","Thermoproteota","Nitrososphaeria","Conexivisphaerales","DTJL01","","","Rittmann",0.035150104,10,672400,522019,83225.44444,19,18,1636,672400,0.455636268,522019,0.902138635,78844.63158,1624263.25490621
"136","Erebus-TR_bin.23.permissive_final",1,1,1,1,0.659304544,0.035259523,0.000396597,0.007111877,4,0.175518135,0.0211857,0.32287768,95.39,1.94,0,"Archaea","Thermoproteota","Nitrososphaeria","","","","","Erebus-TR",0.101256258,51177,243245,134960,46999.48276,35,29,1459,243245,0.625731814,111799,0.891571074,37480.22857,1428855.22591467
"137","Erebus-WC_bin.50.orig_final",1,1,1,1,2.02e-05,5.14e-05,8.53e-05,8.99e-05,4,6.17e-05,6.84e-05,3.26e-05,95.6,1.1,0,"Bacteria","Gemmatimonadota","Gemmatimonadetes","Gemmatimonadales","GWC2-71-9","","","Erebus-WC",0.012415018,0,70710,29004,17752.00637,157,157,2784,70710,0.734276739,29004,0.924750589,17752.00637,2915339.958159
"138","Erebus-WC_bin.58.strict_final",1,1,1,1,0.000977621,0.000297924,9.78e-07,9.19e-05,4,0.000342106,0.000194914,0.000441513,82.04,0.97,0,"Archaea","Thermoproteota","Nitrososphaeria","","","","","Erebus-WC",0.071528037,20,621444,621444,50394.17391,25,23,1279,621444,0.640999581,621444,0.936727503,46361.84,1412805.94831789
"139","Mel_bin.3.permissive_final",1,1,1,1,0.000648025,0.001403074,0.008567053,0.002338821,4,0.003239243,0.001870948,0.003618575,96.7,1.65,0,"Bacteria","Gemmatimonadota","Gemmatimonadetes","Gemmatimonadales","GWC2-71-9","","","Melbourne",0.031429576,673,179699,114770,15530.63351,236,191,2981,278137,0.729858737,101136,0.912155709,12566.4322,3067581.17890383
"140","Ritt_bin.2.orig_final",1,1,1,1,0.024854693,9.53e-05,1.57e-05,0.000123658,4,0.006272345,0.000109489,0.012388316,93.69,1.94,0,"Archaea","Thermoproteota","Nitrososphaeria","","","","","Rittmann",0.07932651,0,436677,267183,35944.85714,35,35,1404,436677,0.631364709,267183,0.93132894,35944.85714,1342800.72579784
