"","bin","Mel_abundance","Mel_presence","Ritt3_abundance","Ritt3_presence","TR_abundance","TR_presence","WC_abundance","WC_presence","num_sites","total_abundance_woRitt3M","mean_abundance_woRitt3M","median_abundance_woRitt3M","std_abundance_woRitt3M","Completeness","Contamination","Strain.heterogeneity","Domain","Phylum","Class","Order","Family","Genus","Species","Site","GC.std","ambiguous.bases","Longest.contig","N50.scaffolds","Mean.scaffold.length","num.contigs","num.scaffolds","num.predicted.genes","Longest.scaffold","GC","N50.contigs","Coding.density","Mean.contig.length","Genome.size"
"1","Erebus-TR_bin.1.orig_final",1.7e-05,0,5.76e-05,0,0.011291199,1,0.000272249,0,1,0.011638041,0.00290951,0.000164937,0.005588915,93.52,1.11,0,"Bacteria","CSP1-3","CSP1-3","CSP1-3","HRBIN32","HRBIN32","","Erebus-TR",0.010257369,0,50864,19125,11987.14815,162,162,2109,50864,0.702220691,19125,0.923858268,11987.14815,2076473.48160821
"2","Erebus-TR_bin.10.permissive_final",1.4e-05,0,6.85e-06,0,0.007064827,1,1.19e-05,0,1,0.00709758,0.001774395,1.3e-05,0.003526956,91.82,1.11,0,"Bacteria","Armatimonadota","Fimbriimonadia","Fimbriimonadales","ATM1","J051","","Erebus-TR",0.017724403,2843,82285,60335,30784.0597,139,67,2106,165762,0.612087068,33540,0.919538218,14817.90647,2246277.49945546
"3","Erebus-TR_bin.11.strict_final",7.75e-06,0,1.19e-06,0,0.050297705,1,2.56e-05,0,1,0.050332281,0.01258307,1.67e-05,0.025143092,88.52,1.09,0,"Bacteria","Bacteroidota","UBA10030","UBA10030","UBA6906","","","Erebus-TR",0.005683558,638,281761,144409,95508.32353,42,34,3039,299000,0.551872471,138611,0.904995961,77301.07143,3668417.30682332
"4","Erebus-TR_bin.12.permissive_final",7.33e-06,0,0.000437178,1,0.008053918,1,1.56e-05,0,2,0.00851403,0.002128507,0.00022639,0.00395537,91.67,0.42,0,"Bacteria","Deinococcota","Deinococci","Deinococcales","Thermaceae","Thermus_A","","Erebus-TR",0.02149506,1434,121981,30305,17015.69,129,100,1839,123023,0.652121743,27883,0.934958265,13179.34109,1856189.59310571
"5","Erebus-TR_bin.13.strict_final",3.84e-06,0,9.34e-05,0,0.062765843,1,2.16e-05,0,1,0.062884667,0.015721167,5.75e-05,0.031363142,96.87,0.44,0,"Bacteria","Cyanobacteria","Cyanobacteriia","Cyanobacteriales","Nostocaceae","Fischerella","Fischerella muscicola","Erebus-TR",0.021764778,1878,57842,13929,8868.337261,693,679,5434,57842,0.411932077,13768,0.784123691,8686.468975,6216167.02797564
"6","Erebus-TR_bin.14.permissive_final",1.75e-06,0,5.17e-05,0,0.012622086,1,1e-06,0,1,0.012676579,0.003169145,2.67e-05,0.006302006,94.33,0.49,0,"Bacteria","Bacteroidota","Bacteroidia","Chitinophagales","Chitinophagaceae","Flavisolibacter","","Erebus-TR",0.015342359,1889,196000,55023,31088.06742,111,89,2872,202982,0.393539989,54093,0.883067241,24909.45045,2933147.46104103
"7","Erebus-TR_bin.15.permissive_final",2.56e-05,0,2.26e-05,0,0.006547946,1,0.000123307,1,2,0.006719437,0.001679859,7.45e-05,0.003245729,88.51,1.72,0,"Bacteria","Actinobacteriota","Thermoleophilia","Gaiellales","Gaiellaceae","PALSA-612","","Erebus-TR",0.015723669,7438,22923,10027,6416.2,474,325,2487,37929,0.696928089,7618,0.889308074,4383.601266,2355965.4276353
"8","Erebus-TR_bin.16.strict_final",2.09e-07,0,2.31e-06,0,0.01550481,1,2.51e-07,0,1,0.015507578,0.003876894,1.28e-06,0.007751944,93.84,0.49,0,"Bacteria","Bacteroidota","Bacteroidia","Chitinophagales","Chitinophagaceae","UTBCD1","","Erebus-TR",0.019467457,599,415461,224297,84846.83871,41,31,2691,415461,0.401544614,154049,0.886691845,64137.87805,2802911.33844842
"9","Erebus-TR_bin.18.strict_final",4.12e-06,0,5.33e-05,0,0.011519727,1,5.97e-05,1,2,0.011636901,0.002909225,5.65e-05,0.005740388,95.73,1.28,0,"Bacteria","Actinobacteriota","Acidimicrobiia","ATN3","","","","Erebus-TR",0.009149206,146,259925,160246,91099.14286,28,21,1769,259925,0.55154485,160246,0.91258451,68319.14286,1998414.29019116
"10","Erebus-TR_bin.19.strict_final",8.76e-05,0,0.000161932,0,0.033669399,1,0.000325324,0,1,0.034244213,0.008561053,0.000243628,0.016739191,96.99,2.14,0,"Bacteria","Deinococcota","Deinococci","Deinococcales","Thermaceae","Meiothermus","","Erebus-TR",0.016719311,2992,99006,36069,19086.36649,233,191,3905,140247,0.615087863,29822,0.859172798,15633.06438,3758630.78667904
"11","Erebus-TR_bin.20.strict_final",1.02e-05,0,6.89e-05,0,0.027063223,1,7.73e-06,0,1,0.027150011,0.006787503,3.95e-05,0.013517177,96.58,2.14,0,"Bacteria","Acidobacteriota","Blastocatellia","Pyrinomonadales","Pyrinomonadaceae","OLB17","","Erebus-TR",0.009141938,618,430450,210740,91052.33333,38,30,2453,430450,0.509109278,167352,0.903158257,71867.15789,2828297.78422034
"12","Erebus-TR_bin.21.strict_final",9.66e-05,0,4.69e-06,0,0.037169108,1,0.000131584,0,1,0.037402018,0.009350505,0.00011411,0.018545813,96.59,0,0,"Bacteria","Planctomycetota","Planctomycetia","Gemmatales","HRBIN36","","","Erebus-TR",0.022170567,10763,372163,245283,89679.46341,50,41,2940,410134,0.600962877,188449,0.874072918,73321.9,3806665.28626152
"13","Erebus-TR_bin.22.permissive_final",3.62e-05,0,1.17e-05,0,0.012781617,1,3.73e-05,0,1,0.012866798,0.003216699,3.67e-05,0.006376623,87.58,0,0,"Bacteria","Chloroflexota","Anaerolineae","DSLN01","DSLN01","DSLN01","","Erebus-TR",0.015379366,4552,80847,39393,23404.76923,220,130,2994,99409,0.637995595,27337,0.889658584,13809.4,3474103.6766385
"14","Erebus-TR_bin.23.permissive_final",0.000396597,1,0.659304544,1,0.035259523,1,0.007111877,1,4,0.702072541,0.175518135,0.0211857,0.32287768,95.39,1.94,0,"Archaea","Thermoproteota","Nitrososphaeria","","","","","Erebus-TR",0.101256258,51177,243245,134960,46999.48276,35,29,1459,243245,0.625731814,111799,0.891571074,37480.22857,1428855.22591467
"15","Erebus-TR_bin.4.strict_final",7.82e-05,0,0.000191712,1,0.023882975,1,8.32e-05,0,2,0.024236064,0.006059016,0.000137443,0.011882755,84.33,0.43,0,"Bacteria","Deinococcota","Deinococci","Deinococcales","Thermaceae","Calidithermus","Calidithermus chliarophilus","Erebus-TR",0.018151469,5213,46409,12379,7706.094851,456,369,3166,46409,0.686007576,10935,0.853275607,6224.421053,3371930.51108739
"16","Erebus-TR_bin.5.permissive_final",4.36e-05,0,0.000284776,0,0.01462061,1,0.000238387,0,1,0.015187343,0.003796836,0.000261582,0.007216606,95.83,0,0,"Bacteria","Armatimonadota","Fimbriimonadia","Fimbriimonadales","GBS-DC","LDYB01","","Erebus-TR",0.02174246,5995,42625,10382,5612.331169,525,462,2780,55127,0.577618711,10045,0.892623965,4927.432381,2705725.76437441
"17","Erebus-TR_bin.7.permissive_final",2.81e-05,0,0.000899224,1,0.062846805,1,0.000237083,0,2,0.06401118,0.016002795,0.000568153,0.031231548,93.56,0,0,"Bacteria","Deinococcota","Deinococci","Deinococcales","Thermaceae","Meiothermus_B","","Erebus-TR",0.021597817,1368,130622,39256,16038.16129,176,155,2529,162578,0.664232554,34060,0.917150023,14116.74432,2657027.57588713
"18","Erebus-TR_bin.8.permissive_final",1.21e-05,0,0.001078651,1,0.056422096,1,4.4e-05,0,2,0.057556822,0.014389206,0.000561323,0.028026307,96.21,0,0,"Bacteria","Armatimonadota","HRBIN16","HRBIN16","HRBIN16","HRBIN16","","Erebus-TR",0.010803672,388,151683,83311,36543.45455,92,88,3009,151683,0.605552404,83307,0.913861269,34950.3913,3342504.93711672
"19","Erebus-TR_bin.9.permissive_final",2.23e-06,0,0.000758957,1,0.06318541,1,2.98e-05,0,2,0.06397645,0.015994112,0.000394403,0.031462816,90.74,0.19,0,"Bacteria","Armatimonadota","HRBIN17","HRBIN17","HRBIN17","HRBIN17","","Erebus-TR",0.018867412,1243,207272,83701,38442.66176,80,68,2356,207272,0.561779859,77128,0.923006035,32660.725,2880869.51730218
"20","Erebus-WC_bin.12.permissive_final",0.001893122,1,3.14e-05,0,0.000226135,0,0.016559164,1,2,0.01870984,0.00467746,0.001059629,0.007965079,92.96,4.07,0,"Bacteria","CSP1-3","CSP1-3","CSP1-3","CSP1-3","JACQHU01","","Erebus-WC",0.047006502,240,322396,88469,18559.02618,215,191,3624,322396,0.6818476,88469,0.92375339,16486.20465,3813225.04302926
"21","Erebus-WC_bin.13.orig_final",1.67e-05,0,0.000328554,1,8.85e-05,0,0.000607355,1,2,0.001041136,0.000260284,0.000208547,0.000267054,87.8,1.57,33.33,"Bacteria","Actinobacteriota","Acidimicrobiia","Acidimicrobiales","JABEUL01","","","Erebus-WC",0.013381974,0,41398,12419,8827.727273,198,198,1700,41398,0.41166435,12419,0.868679379,8827.727273,1990763.09794989
"22","Erebus-WC_bin.14.orig_final",0.000157941,0,0.001310642,1,0.000370112,0,0.00243855,1,2,0.004277244,0.001069311,0.000840377,0.001041238,95.71,2.97,0,"Bacteria","Chloroflexota","FW602-bin22","FW602-bin22","CADDYW01","CADDYW01","","Erebus-WC",0.015219107,0,72157,13213,9387.724816,407,407,3537,72157,0.657526793,13213,0.86749883,9387.724816,3992063.52523247
"23","Erebus-WC_bin.15.strict_final",0.001897591,1,0.000392954,0,0.000124833,0,0.004963686,1,2,0.007379064,0.001844766,0.001145273,0.002220839,95.76,1.16,0,"Bacteria","Proteobacteria","Alphaproteobacteria","Rhizobiales","Xanthobacteraceae","VAZQ01","","Erebus-WC",0.021479653,408,68838,19220,9786.170172,542,523,4941,68838,0.639641296,19186,0.865749594,9442.359779,5344785.92314119
"24","Erebus-WC_bin.16.permissive_final",5.09e-05,0,7.22e-06,0,0.001198077,1,0.003400827,1,2,0.004657027,0.001164257,0.000624489,0.001589725,95.85,2.73,0,"Bacteria","Nitrospirota","Nitrospiria","Nitrospirales","Nitrospiraceae","","","Erebus-WC",0.024049199,280,222413,52770,23485.95364,170,151,3886,222413,0.563460862,51896,0.855034953,20859.40588,3699925.92592593
"25","Erebus-WC_bin.19.orig_final",0.000562847,1,8.04e-06,0,5.98e-06,0,0.002290311,1,2,0.00286718,0.000716795,0.000285444,0.00108124,96.7,1.98,0,"Bacteria","Chloroflexota","Ktedonobacteria","Ktedonobacterales","Ktedonobacteraceae","","","Erebus-WC",0.018927779,0,56413,14999,11443.82217,433,433,4468,56413,0.464809215,14999,0.83277745,11443.82217,5124276.11168563
"26","Erebus-WC_bin.2.strict_final",5.31e-05,0,0.000167218,0,0.004194865,1,0.003052828,1,2,0.007467977,0.001866994,0.001610023,0.002082047,96.31,1.98,0,"Bacteria","Chloroflexota","UBA2235","SpSt-225","SpSt-225","SpSt-225","","Erebus-WC",0.01786088,192,243889,59859,28916.69325,174,163,4339,243889,0.657597159,59859,0.861917703,27087.52299,4894009.96781227
"27","Erebus-WC_bin.20.strict_final",7.21e-05,0,6.48e-05,0,9.57e-05,0,0.002846948,1,1,0.003079641,0.00076991,8.39e-05,0.001384755,98.29,1.28,0,"Bacteria","Actinobacteriota","Acidimicrobiia","Acidimicrobiales","QHCF01","","","Erebus-WC",0.01687012,149,244178,189275,47887.94118,57,51,2391,244178,0.697778502,189275,0.917513722,42844.49123,2484774.64645437
"28","Erebus-WC_bin.21.strict_final",0.003909832,1,9.99e-05,0,0.000137994,0,0.00371697,1,2,0.00786471,0.001966177,0.001927482,0.002134499,93.4,2.97,0,"Bacteria","Chloroflexota","Dehalococcoidia","DSGV01","DSGV01","","","Erebus-WC",0.021630855,368,51511,12365,6613.764354,871,836,5708,51511,0.699268133,12182,0.85629542,6347.576349,5919814.7751606
"29","Erebus-WC_bin.23.strict_final",0.000765544,0,0.001710371,1,0.00016312,0,0.005159633,1,2,0.007798668,0.001949667,0.001237957,0.002232714,92.54,2.55,0,"Bacteria","Proteobacteria","Alphaproteobacteria","Reyranellales","Reyranellaceae","Reyranella","","Erebus-WC",0.012496608,359,64503,17148,8971.456522,817,782,7265,64503,0.665687239,16878,0.917951776,8586.682987,7581239.46401556
"30","Erebus-WC_bin.24.orig_final",7.24e-05,0,0.000124929,0,4.99e-05,0,0.001710747,1,1,0.001957937,0.000489484,9.87e-05,0.000814783,94.97,1.29,50,"Bacteria","Actinobacteriota","Thermoleophilia","Gaiellales","Gaiellaceae","PALSA-612","","Erebus-WC",0.01148169,0,58347,16946,11155.53333,255,255,3113,58347,0.714944241,16946,0.922928251,11155.53333,2995325.89238707
"31","Erebus-WC_bin.25.orig_final",0.001671433,1,1.29e-05,0,3.19e-06,0,0.002978834,1,2,0.004666337,0.001166584,0.000842156,0.001440328,99.8,2.02,0,"Bacteria","Chloroflexota","Anaerolineae","Aggregatilineales","UBA2796","","","Erebus-WC",0.016340462,0,84242,18028,13301.77455,448,448,5514,84242,0.557095379,18028,0.888621869,13301.77455,5971137.2745491
"32","Erebus-WC_bin.26.orig_final",0.001191746,1,3.66e-05,0,4.71e-05,0,0.003810228,1,2,0.005085666,0.001271416,0.000619404,0.001777231,93.11,0,0,"Bacteria","CSP1-3","CSP1-3","CSP1-3","NP-7","","","Erebus-WC",0.01274436,0,127896,37596,25341.04167,120,120,2908,127896,0.735709036,37596,0.88352031,25341.04167,3265948.87767157
"33","Erebus-WC_bin.27.orig_final",5.45e-05,0,0.000697088,1,0.041581733,1,0.001967495,1,3,0.044300848,0.011075212,0.001332292,0.020353208,89.7,2.56,0,"Bacteria","Acidobacteriota","Blastocatellia","Pyrinomonadales","Pyrinomonadaceae","Pyrinomonas","","Erebus-WC",0.01753174,0,74386,18287,11803.79054,296,296,3002,74386,0.600590683,18287,0.85340829,11803.79054,3895119.28651059
"34","Erebus-WC_bin.28.permissive_final",0.000949249,1,6.33e-06,0,4.15e-05,0,0.001900273,1,2,0.002897329,0.000724332,0.000495364,0.000897263,92.31,1.28,0,"Bacteria","Actinobacteriota","Acidimicrobiia","Acidimicrobiales","RAAP-2","Bog-756","","Erebus-WC",0.028514155,209,101427,32812,16234.1,210,190,2983,101427,0.700887082,30479,0.891008174,14687,3341435.38078215
"35","Erebus-WC_bin.29.strict_final",0.000449314,1,1.97e-05,0,7.42e-05,0,0.001532158,1,2,0.002075383,0.000518846,0.000261748,0.000702016,94.76,1.3,0,"Bacteria","Proteobacteria","Alphaproteobacteria","Sphingomonadales","Sphingomonadaceae","","","Erebus-WC",0.024688064,50,48204,15265,9477.608059,278,273,2594,48204,0.662517098,14856,0.914422543,9306.967626,2730463.27564373
"36","Erebus-WC_bin.30.orig_final",4.85e-05,0,0.070671837,1,0.025247761,1,0.001398266,1,3,0.097366322,0.02434158,0.013323014,0.032984165,93.73,0,0,"Bacteria","Chloroflexota","Dehalococcoidia","SpSt-223","SpSt-223","SpSt-223","","Erebus-WC",0.015725052,0,146812,26642,18977.03906,128,128,2411,146812,0.654063443,26642,0.927853603,18977.03906,2591551.26426971
"37","Erebus-WC_bin.31.orig_final",0.000740547,1,0.001706202,1,1.08e-05,0,0.005393404,1,3,0.007850922,0.00196273,0.001223374,0.002390204,97.22,0,0,"Bacteria","Eremiobacterota","Eremiobacteria","Baltobacterales","Baltobacteraceae","Elarobacter","","Erebus-WC",0.015477959,0,166494,60933,37165.26966,89,89,3329,166494,0.688740152,60933,0.932616201,37165.26966,3402292.73811973
"38","Erebus-WC_bin.32.strict_final",0.003732969,1,0.000906594,1,0.000783696,0,0.016894321,1,3,0.02231758,0.005579395,0.002319782,0.007665303,98.84,0.87,0,"Bacteria","Acidobacteriota","Acidobacteriae","Bryobacterales","Bryobacteraceae","TMP-7","","Erebus-WC",0.016166705,306,287616,95156,27029.83772,249,228,5892,287616,0.613656445,95156,0.911190411,24748.98394,6235130.51396196
"39","Erebus-WC_bin.33.strict_final",0.000171137,0,8.41e-06,0,7.98e-06,0,0.004440057,1,1,0.004627584,0.001156896,8.98e-05,0.002190122,98.15,0,0,"Bacteria","Eremiobacterota","Eremiobacteria","Eremiobacterales","Eremiobacteraceae","Eremiobacter","","Erebus-WC",0.023386267,80,429396,254774,47933.7451,59,51,2396,429396,0.635938608,254774,0.926793969,41432.89831,2490698.93020886
"40","Erebus-WC_bin.35.orig_final",0.000779858,1,9.03e-05,0,4.39e-06,0,0.041962926,1,2,0.04283748,0.01070937,0.000435084,0.020838595,99.67,4.62,14.29,"Bacteria","Chloroflexota","Ktedonobacteria","Ktedonobacterales","Ktedonobacteraceae","CF-113","","Erebus-WC",0.015758784,0,161354,44331,24542.02429,247,247,5508,161354,0.538327384,44331,0.872071206,24542.02429,6081950.43644025
"41","Erebus-WC_bin.36.permissive_final",0.000101733,0,0.000127014,0,1.68e-05,0,0.00142385,1,1,0.001669348,0.000417337,0.000114373,0.000672664,93.06,0.93,0,"Bacteria","Dormibacterota","Dormibacteria","UBA8260","UBA8260","","","Erebus-WC",0.027521191,816,122504,42209,16389.55862,173,145,2354,122504,0.714798773,31692,0.916904202,13732.19653,2553713.73307544
"42","Erebus-WC_bin.37.strict_final",0.000128615,0,2.22e-05,0,0.000715097,0,0.004102393,1,1,0.004968291,0.001242073,0.000421856,0.001931066,99.09,4.09,0,"Bacteria","Chloroflexota","Anaerolineae","JACRMK01","JACRMK01","","","Erebus-WC",0.023073918,130,282790,95169,32754.98621,158,145,4626,345234,0.603416304,91346,0.888368457,30059.13291,4793090.12009284
"43","Erebus-WC_bin.38.permissive_final",0.000768546,0,2.67e-05,0,0.000134405,0,0.002180799,1,1,0.003110478,0.00077762,0.000451476,0.000991053,77.08,1.71,0,"Bacteria","Acidobacteriota","Acidobacteriae","Acidobacteriales","Acidobacteriaceae","Edaphobacter","","Erebus-WC",0.024172426,527,70767,12717,7457.827368,518,475,3402,70767,0.619360402,12243,0.87639719,6837.723938,4595832.9008822
"44","Erebus-WC_bin.43.strict_final",0.002991095,1,0.002635057,1,7.54e-05,0,0.030232151,1,3,0.035933682,0.00898342,0.002813076,0.014225229,98.02,2.97,0,"Bacteria","Chloroflexota","UBA5177","UBA5177","","","","Erebus-WC",0.022305807,513,100709,26323,11061.08964,688,647,6864,100709,0.663389888,26238,0.867885741,10401.18023,7301086.51295654
"45","Erebus-WC_bin.46.orig_final",0.002019014,1,0.001025121,1,1.36e-05,0,0.031193474,1,3,0.034251169,0.008562792,0.001522067,0.01510932,98.31,1.47,0,"Bacteria","Cyanobacteria","Cyanobacteriia","Cyanobacteriales","Nostocaceae","Aetokthonos","","Erebus-WC",0.016910285,0,123823,27698,18201.52068,411,411,6757,123823,0.420580751,27698,0.807632447,18201.52068,7609424.2701658
"46","Erebus-WC_bin.47.orig_final",0.001436268,1,0.0007769,0,0.000102499,0,0.006079871,1,2,0.008395537,0.002098884,0.001106584,0.002709275,98.02,1.98,0,"Bacteria","Chloroflexota","","","","","","Erebus-WC",0.011634451,0,225551,82062,43573.75591,127,127,5235,225551,0.698659364,82062,0.889836709,43573.75591,5645650.88757396
"47","Erebus-WC_bin.49.orig_final",0.000213241,0,3.37e-05,0,4.07e-05,0,0.007096727,1,1,0.007384375,0.001846094,0.000126961,0.003501407,81.97,0,0,"Bacteria","Planctomycetota","Planctomycetia","Gemmatales","Gemmataceae","","","Erebus-WC",0.014072826,0,86487,31237,23505.99134,231,231,4496,86487,0.691568181,31237,0.876271758,23505.99134,6624233.25606929
"48","Erebus-WC_bin.5.orig_final",0.000263583,0,3.82e-05,0,1.2e-05,0,0.013839637,1,1,0.014153378,0.003538345,0.000150888,0.006868457,94.72,2.97,0,"Bacteria","Chloroflexota","Ktedonobacteria","Ktedonobacterales","","","","Erebus-WC",0.021012584,0,57253,12916,8282.64186,645,645,4925,57253,0.608609693,12916,0.864758351,8282.64186,5640101.35135135
"49","Erebus-WC_bin.55.permissive_final",6.66e-05,0,0.001037331,0,0.002961691,1,0.003060152,1,2,0.007125786,0.001781446,0.001999511,0.001474498,97.48,2.52,0,"Bacteria","Desulfobacterota_D","UBA1144","UBA2774","CSP1-2","CSP1-2","","Erebus-WC",0.019655995,160,265938,81791,30553.46875,103,96,3060,265938,0.43661227,81791,0.870770265,28475.46602,3008958.76077144
"50","Erebus-WC_bin.57.orig_final",0.002215078,1,7.97e-06,0,4.03e-05,0,0.001594464,1,2,0.003857789,0.000964447,0.000817373,0.001115039,81.71,3.42,0,"Bacteria","Acidobacteriota","UBA6911","JACOSC01","JACOSC01","JACOSC01","","Erebus-WC",0.024194616,0,24987,5530,4738.427184,1030,1030,4664,24987,0.582728282,5530,0.856611919,4738.427184,5973051.03414515
"51","Erebus-WC_bin.59.orig_final",2.37e-05,0,0.000102147,0,0.000166311,0,0.00079673,1,1,0.001088859,0.000272215,0.000134229,0.000354509,83.43,3.4,0,"Archaea","Thermoproteota","Nitrososphaeria","Nitrososphaerales","Nitrososphaeraceae","Nitrososphaera","","Erebus-WC",0.02786402,0,11598,2864,2529.714167,1207,1207,4192,11598,0.37701978,2864,0.698433695,2529.714167,3659792.64053698
"52","Erebus-WC_bin.6.orig_final",1.87e-05,0,0.001342656,1,0.019438443,1,0.002086137,1,3,0.022885948,0.005721487,0.001714396,0.009184524,97.73,1.19,16.67,"Bacteria","Cyanobacteria","Cyanobacteriia","Leptolyngbyales","Leptolyngbyaceae","Leptolyngbya","","Erebus-WC",0.012481316,0,75546,17443,12305.73025,367,367,4627,75546,0.47203104,17443,0.875317164,12305.73025,4621102.0157577
"53","Erebus-WC_bin.60.permissive_final",0.000109832,0,0.021881329,1,0.001250722,1,0.128463828,1,3,0.151705712,0.037926428,0.011566026,0.061181883,98.06,0.97,0,"Archaea","Thermoproteota","Nitrososphaeria","Conexivisphaerales","DTJL01","","","Erebus-WC",0.063816097,1525,888261,1603572,48282.2,44,35,1880,1603572,0.451591256,888261,0.882031059,38371.63636,1723309.19844993
"54","Erebus-WC_bin.7.strict_final",0.001637289,1,0.003863058,1,0.000763355,0,0.007564923,1,3,0.013828625,0.003457156,0.002750173,0.003033534,99.03,1.94,0,"Archaea","Thermoproteota","Nitrososphaeria","Nitrososphaerales","Nitrososphaeraceae","","","Erebus-WC",0.047024334,277,509177,150572,10079.15132,330,304,3695,509177,0.513018701,150572,0.843598791,9284.19697,3094074.52287186
"55","Erebus-WC_bin.8.strict_final",0.001995832,1,7.74e-06,0,2.39e-06,0,0.000757501,1,2,0.002763469,0.000690867,0.000382622,0.000939509,88.16,1.23,0,"Bacteria","Proteobacteria","Gammaproteobacteria","Steroidobacterales","Steroidobacteraceae","13-2-20CM-66-19","","Erebus-WC",0.042011582,155,140438,34807,11580.83806,261,247,2807,140438,0.707050839,34807,0.917248128,10959.04981,3244631.35208711
"56","Erebus-WC_bin.9.orig_final",8.69e-05,0,9.16e-06,0,0.000473408,0,0.001904286,1,1,0.002473712,0.000618428,0.000280134,0.000880953,93.59,0.73,0,"Bacteria","Proteobacteria","Gammaproteobacteria","Xanthomonadales","Rhodanobacteraceae","66-474","","Erebus-WC",0.013636894,0,167762,61572,36435.42857,63,63,2174,167762,0.64560745,61572,0.890456785,36435.42857,2452646.65028315
"57","Mel_bin.1.orig_final",0.028651059,1,0.001605841,1,6.86e-05,0,0.02196506,1,3,0.052290559,0.01307264,0.011785451,0.014403181,81.64,2.56,0,"Bacteria","Planctomycetota","Planctomycetia","Gemmatales","Gemmataceae","","","Melbourne",0.016393023,0,130848,33259,18846.57431,397,397,6253,130848,0.682926161,33259,0.87630515,18846.57431,9164735.42381186
"58","Mel_bin.10.orig_final",0.006585186,1,2.08e-06,0,3.59e-06,0,0.000264925,0,1,0.006855784,0.001713946,0.000134257,0.003249842,92.95,0,0,"Bacteria","Acidobacteriota","Acidobacteriae","Acidoferrales","UBA7541","","","Melbourne",0.01868595,0,233525,113498,48346.7931,87,87,3640,233525,0.562143337,113498,0.8898749,48346.7931,4525197.41796665
"59","Mel_bin.11.strict_final",0.014866731,1,4.09e-05,0,1.16e-05,0,0.002713207,1,2,0.017632377,0.004408094,0.00137704,0.007086555,87.5,1.14,0,"Bacteria","Planctomycetota","Planctomycetia","Gemmatales","Gemmataceae","","","Melbourne",0.020784966,996,123710,27196,11652.28037,739,642,6376,123710,0.61449553,25804,0.859531326,10121.47226,8549444.57142857
"60","Mel_bin.12.orig_final",0.007049232,1,1.36e-05,0,3.79e-05,0,0.000523027,1,2,0.007623697,0.001905924,0.000280458,0.003436891,98.99,1.28,0,"Bacteria","Actinobacteriota","Acidimicrobiia","IMCC26256","PALSA-555","PALSA-555","","Melbourne",0.01903721,0,417946,116814,67603.06122,49,49,3387,417946,0.709989283,116814,0.911937933,67603.06122,3346348.11597131
"61","Mel_bin.13.orig_final",0.010956759,1,4.69e-05,0,3.39e-05,0,0.003716519,1,2,0.014754083,0.003688521,0.001881712,0.005146057,92.3,1.14,0,"Bacteria","Planctomycetota","Planctomycetia","Gemmatales","Gemmataceae","","","Melbourne",0.012325752,0,205722,39799,25835.87025,316,316,6617,205722,0.663924347,39799,0.904111826,25835.87025,8845216.68472373
"62","Mel_bin.14.orig_final",0.00194549,1,6.61e-05,0,0.000184657,0,0.007957218,1,2,0.010153478,0.002538369,0.001065073,0.003713374,83.34,2.48,66.67,"Bacteria","Chloroflexota","Ktedonobacteria","Ktedonobacterales","JACDGC01","JACDGC01","","Melbourne",0.023660824,0,33794,4600,4053.104686,1003,1003,4608,33794,0.599236606,4600,0.876524132,4053.104686,4877926.56587473
"63","Mel_bin.15.permissive_final",0.003161534,1,1.73e-05,0,3.19e-05,0,0.001069832,1,2,0.004280619,0.001070155,0.000550869,0.001478764,90.6,1.28,0,"Bacteria","Actinobacteriota","Acidimicrobiia","IMCC26256","IMCC26256","","","Melbourne",0.035107107,496,291232,90140,19042.85714,164,133,2588,291240,0.726965521,79439,0.922782011,15440.26829,2795474.61368653
"64","Mel_bin.16.orig_final",0.002804038,1,8.73e-05,0,7.18e-06,0,9.68e-06,0,1,0.002908231,0.000727058,4.85e-05,0.001385154,89.98,1.88,20,"Bacteria","Proteobacteria","Alphaproteobacteria","Rhizobiales","Beijerinckiaceae","Methylocella","","Melbourne",0.016403187,0,60253,15113,10837.356,250,250,2718,60253,0.586620205,15113,0.873947483,10837.356,3011045.78795288
"65","Mel_bin.17.orig_final",0.003424629,1,0.000570223,1,0.001437374,0,0.013690996,1,3,0.019123221,0.004780805,0.002431001,0.006059105,98.29,0.85,0,"Bacteria","Deinococcota","Deinococci","Deinococcales","Thermaceae","Meiothermus","","Melbourne",0.019489828,0,52192,18884,11819.15947,301,301,3652,52192,0.63504187,18884,0.863560686,11819.15947,3619459.76192899
"66","Mel_bin.18.orig_final",0.00958829,1,6.04e-05,0,0.00010888,0,0.001188824,1,2,0.010946375,0.002736594,0.000648852,0.004597403,94.73,1.74,0,"Bacteria","Planctomycetota","Planctomycetia","Isosphaerales","Isosphaeraceae","","","Melbourne",0.020903086,0,115674,23728,15831.11398,465,465,5937,115674,0.723539381,23728,0.869020554,15831.11398,7770999.68331046
"67","Mel_bin.19.orig_final",0.005762317,1,1.07e-05,0,4.35e-05,0,7.1e-05,0,1,0.005887544,0.001471886,5.73e-05,0.002860393,90.26,2.31,0,"Bacteria","Chloroflexota","Ktedonobacteria","Ktedonobacterales","JACDGC01","","","Melbourne",0.019802576,0,150574,28543,18137.9375,240,240,4004,150574,0.68455298,28543,0.843572117,18137.9375,4822850.65366718
"68","Mel_bin.2.strict_final",0.077202,1,0.000129396,0,3.55e-05,0,0.005631892,1,2,0.082998784,0.020749696,0.002880644,0.037725701,90.34,2.79,28.57,"Bacteria","Planctomycetota","Planctomycetia","Gemmatales","Gemmataceae","","","Melbourne",0.031182125,1777,169834,43950,12007.33557,1033,894,9219,177634,0.620980713,41100,0.883846731,10389.91384,11882397.6090325
"69","Mel_bin.20.orig_final",0.008140223,1,2.62e-05,0,1.99e-05,0,0.003846498,1,2,0.012032869,0.003008217,0.001936352,0.003867056,97.19,3.96,0,"Bacteria","Chloroflexota","Ktedonobacteria","Ktedonobacterales","Ktedonobacteraceae","CF-113","","Melbourne",0.01568815,0,162448,29527,18984.77656,273,273,4840,162448,0.568298216,29527,0.866702336,18984.77656,5332692.66385431
"70","Mel_bin.21.strict_final",0.000590846,1,6.43e-05,1,1.4e-05,0,0.000422194,1,3,0.00109125,0.000272812,0.000243223,0.000279263,98.15,0,0,"Bacteria","Dormibacterota","Dormibacteria","Dormibacterales","Dormibacteraceae","","","Melbourne",0.023699876,366,395912,70939,21942.55556,127,108,2444,395912,0.687526114,70939,0.927118199,18656.92913,2414463.57615894
"71","Mel_bin.22.strict_final",0.005471362,1,4.29e-05,0,8.02e-05,0,0.000295475,0,1,0.005889886,0.001472472,0.00018782,0.002668251,82.09,3.49,0,"Bacteria","Planctomycetota","Planctomycetia","Gemmatales","Gemmataceae","Fimbriiglobus","","Melbourne",0.023004738,1780,39185,8498,4747.826923,1468,1300,5998,40057,0.696791696,7860,0.886365017,4203.266349,7518790.35205263
"72","Mel_bin.23.orig_final",0.001358764,1,1.06e-05,0,1.99e-06,0,3.77e-05,0,1,0.001409004,0.000352251,2.41e-05,0.000671181,90.14,0.47,0,"Bacteria","Proteobacteria","Gammaproteobacteria","Burkholderiales","Burkholderiaceae","Derxia","","Melbourne",0.019649966,0,36029,8324,5983.72967,455,455,2991,36029,0.608177413,8324,0.937911854,5983.72967,3020409.36321278
"73","Mel_bin.24.orig_final",0.009864442,1,0.001601672,1,9.49e-05,0,0.01529168,1,3,0.026852715,0.006713179,0.005733057,0.007151922,94.02,1.71,0,"Bacteria","Acidobacteriota","Acidobacteriae","Acidoferrales","UBA7541","","","Melbourne",0.010754518,0,181272,51507,30052.69841,126,126,3317,181272,0.607308854,51507,0.875783016,30052.69841,4027483.51414593
"74","Mel_bin.25.orig_final",0.015818703,1,0.000197222,0,9.77e-05,0,0.00593434,1,2,0.022047978,0.005511994,0.003065781,0.007392967,77.96,1.14,0,"Bacteria","Planctomycetota","Planctomycetia","Gemmatales","Gemmataceae","","","Melbourne",0.014879781,0,50925,11340,8175.828974,994,994,6694,50925,0.691112365,11340,0.865090748,8175.828974,10424286.8137506
"75","Mel_bin.26.orig_final",0.017002489,1,7.53e-05,0,6.18e-05,0,0.004696805,1,2,0.021836457,0.005459114,0.002386075,0.007998883,94.75,1.54,0,"Bacteria","Proteobacteria","Gammaproteobacteria","Steroidobacterales","Steroidobacteraceae","13-2-20CM-66-19","","Melbourne",0.017745851,0,112126,29632,19431.33987,153,153,2839,112126,0.708840075,29632,0.925997857,19431.33987,3137725.59366755
"76","Mel_bin.27.orig_final",0.00912592,1,0.000145404,0,1.99e-06,0,0.003700064,1,2,0.012973382,0.003243345,0.001922734,0.004278507,99.17,3.96,0,"Bacteria","Chloroflexota","Ktedonobacteria","Ktedonobacterales","Ktedonobacteraceae","DTNP01","","Melbourne",0.014536219,0,219864,30726,20543.56134,269,269,4915,219864,0.511922801,30726,0.878950668,20543.56134,5572469.49682364
"77","Mel_bin.28.orig_final",0.005120919,1,0.000269812,1,5.18e-06,0,5.77e-05,0,2,0.005453606,0.001363401,0.000163751,0.002507622,91.8,0.63,50,"Bacteria","Proteobacteria","Alphaproteobacteria","Rhizobiales","Beijerinckiaceae","Methylocella","","Melbourne",0.016035903,0,37997,9436,6797.628959,442,442,2995,37997,0.59719053,9436,0.84110909,6797.628959,3272932.46187364
"78","Mel_bin.29.orig_final",0.005035176,1,9.34e-05,0,1.87e-05,0,0.000289054,1,2,0.005436411,0.001359103,0.000191245,0.002453364,91.17,1.01,0,"Bacteria","Proteobacteria","Alphaproteobacteria","Rhizobiales","Hyphomicrobiaceae","Hyphomicrobium_A","","Melbourne",0.013912884,0,140083,36617,20205.87234,141,141,2969,140083,0.660179191,36617,0.8644636,20205.87234,3124962.1586048
"79","Mel_bin.3.permissive_final",0.008649585,1,0.000648322,1,0.00139789,1,0.002325276,1,4,0.013021073,0.003255268,0.001861583,0.003661036,96.7,1.65,0,"Bacteria","Gemmatimonadota","Gemmatimonadetes","Gemmatimonadales","GWC2-71-9","","","Melbourne",0.031429576,673,179699,114770,15530.63351,236,191,2981,278137,0.729858737,101136,0.912155709,12566.4322,3067581.17890383
"80","Mel_bin.30.orig_final",0.008563213,1,8.34e-06,0,2.59e-05,0,6.34e-05,0,1,0.008660834,0.002165209,4.46e-05,0.004265398,97.01,0.85,0,"Bacteria","Acidobacteriota","Thermoanaerobaculia","UBA5066","Gp7-AA6","Gp7-AA6","","Melbourne",0.018475061,0,102364,37075,18617.88942,208,208,3580,102364,0.662883429,37075,0.907715672,18617.88942,3991878.15689104
"81","Mel_bin.31.orig_final",0.002557492,1,2.75e-06,0,7.98e-06,0,1.29e-05,0,1,0.002581166,0.000645291,1.05e-05,0.001274807,89.01,2.75,33.33,"Bacteria","Gemmatimonadota","Gemmatimonadetes","Gemmatimonadales","Gemmatimonadaceae","Fen-1231","","Melbourne",0.016354844,0,111255,35424,20651.29697,165,165,3089,111255,0.657626023,35424,0.928885822,20651.29697,3828181.10324683
"82","Mel_bin.32.strict_final",0.036458783,1,0.001437954,1,8.18e-05,0,0.016732888,1,3,0.054711384,0.013677846,0.009085421,0.016960473,99.07,0,0,"Bacteria","Dormibacterota","Dormibacteria","Dormibacterales","","","","Melbourne",0.036653247,895,382580,270235,32581.09412,113,85,2667,674648,0.689492642,251654,0.908963083,24499.9823,2795390.12819219
"83","Mel_bin.33.orig_final",0.006217077,1,0.00010103,0,9.81e-05,0,0.002233172,1,2,0.008649391,0.002162348,0.001167101,0.002884207,99.07,0.1,0,"Bacteria","Dormibacterota","Dormibacteria","Dormibacterales","Dormibacteraceae","","","Melbourne",0.01353201,0,158414,23204,11695.68025,319,319,3831,158414,0.68886404,23204,0.914558653,11695.68025,3765945.29120824
"84","Mel_bin.34.strict_final",0.006030927,1,2.23e-05,0,7.98e-07,0,0.000564213,1,2,0.006618198,0.00165455,0.000293237,0.002929208,95.42,0.72,0,"Bacteria","Cyanobacteria","Cyanobacteriia","Cyanobacteriales","Nostocaceae","Tolypothrix_B","","Melbourne",0.021065206,686,130578,24076,11493.96161,565,521,5570,130578,0.424857557,22712,0.783890866,10597.64248,6275784.95074408
"85","Mel_bin.35.orig_final",0.040015029,1,0.000157762,0,2.03e-05,0,0.000603342,0,1,0.040796473,0.010199118,0.000380552,0.019878831,88.64,0,0,"Bacteria","Planctomycetota","Planctomycetia","Gemmatales","Gemmataceae","","","Melbourne",0.013609838,0,42873,11895,9034.046814,769,769,6081,42873,0.612299635,11895,0.886905655,9034.046814,7837524.81949458
"86","Mel_bin.36.orig_final",0.003952005,1,1.12e-05,0,1.24e-05,0,0.001304506,1,2,0.005280117,0.001320029,0.000658435,0.001857458,97.03,0.99,0,"Bacteria","Chloroflexota","Ktedonobacteria","Ktedonobacterales","JACDGC01","JACDGC01","","Melbourne",0.020875865,0,50662,15710,10957.84375,384,384,3968,50662,0.610587165,15710,0.8573066,10957.84375,4336609.29609399
"87","Mel_bin.37.strict_final",0.02723518,1,5.99e-05,0,1.91e-05,0,0.001177136,1,2,0.028491393,0.007122848,0.000618535,0.013418951,97.69,0.93,0,"Bacteria","Dormibacterota","Dormibacteria","Dormibacterales","Dormibacteraceae","40CM-4-65-16","","Melbourne",0.035867336,269,292356,90370,16519.95361,212,194,3434,292356,0.673389706,87735,0.912625188,15116.04717,3280654.1099396
"88","Mel_bin.38.permissive_final",0.012655703,1,3.8e-05,0,5.54e-05,0,0.000767484,0,1,0.013516668,0.003379167,0.00041146,0.006193687,97.29,0.58,0,"Bacteria","Planctomycetota","Planctomycetia","Isosphaerales","Isosphaeraceae","","","Melbourne",0.023962076,1135,239911,49250,14646.84074,635,540,6799,239911,0.649855801,47812,0.857180047,12453.7937,8129606.33158598
"89","Mel_bin.39.orig_final",0.02796281,1,9.83e-06,0,7.1e-05,0,0.003607308,1,2,0.031650937,0.007912734,0.00183915,0.013472083,97.44,1.28,0,"Bacteria","Actinobacteriota","Acidimicrobiia","IMCC26256","PALSA-555","","","Melbourne",0.013639981,0,181171,55130,28615.97279,147,147,4134,181171,0.694589245,55130,0.917406149,28615.97279,4317064.86042693
"90","Mel_bin.4.strict_final",0.026762266,1,7.62e-05,0,1.52e-05,0,0.027056317,1,2,0.053909902,0.013477476,0.013419215,0.01551021,94.44,0.93,0,"Bacteria","CSP1-3","CSP1-3","CSP1-3","NP-7","NP-7","","Melbourne",0.029089436,315,127552,44826,13945.1308,258,237,3294,127552,0.675387125,44826,0.891273696,12808.84109,3499572.21516307
"91","Mel_bin.40.permissive_final",0.004435742,1,3.99e-05,0,6.38e-06,0,0.00059667,0,1,0.005078699,0.001269675,0.000318288,0.002128,89.03,1.71,0,"Bacteria","Acidobacteriota","Acidobacteriae","Acidoferrales","UBA7541","Acidoferrum","","Melbourne",0.013656704,944,73584,26037,13288.82822,415,326,4012,81722,0.570018475,21731,0.877997755,10436.66024,4865953.04953387
"92","Mel_bin.41.orig_final",0.014069976,1,0.000132449,0,3.75e-05,0,0.013243469,1,2,0.027483383,0.006870846,0.006687959,0.007843013,92.61,1.2,0,"Bacteria","Planctomycetota","Planctomycetia","Gemmatales","Gemmataceae","","","Melbourne",0.012785588,0,91293,15716,12126.08508,764,764,7782,91293,0.625760484,15716,0.867568498,12126.08508,10003594.6442069
"93","Mel_bin.42.orig_final",0.002177792,1,2.37e-05,0,6.78e-06,0,3.07e-05,0,1,0.002238949,0.000559737,2.72e-05,0.00107875,96.91,0.93,0,"Bacteria","Eremiobacterota","Eremiobacteria","Baltobacterales","Baltobacteraceae","Palsa-1515","","Melbourne",0.029818563,0,60280,22097,11645.89434,265,265,3237,60280,0.648101428,22097,0.935704931,11645.89434,3184565.06036529
"94","Mel_bin.5.orig_final",0.00538939,1,4.04e-05,0,2.51e-05,0,0.001935439,1,2,0.007390382,0.001847596,0.000987933,0.002525818,83.94,0.88,0,"Bacteria","Acidobacteriota","Acidobacteriae","Bryobacterales","Bryobacteraceae","Bog-159","","Melbourne",0.014864774,0,47564,13862,10660.35687,793,793,7940,47564,0.596998958,13862,0.910488625,10660.35687,10071078.1510603
"95","Mel_bin.6.orig_final",0.01885651,1,1.09e-05,0,9.17e-06,0,0.010002771,1,2,0.028879324,0.007219831,0.00500682,0.009075971,100,0.85,0,"Bacteria","Acidobacteriota","Acidobacteriae","Acidobacteriales","Koribacteraceae","","","Melbourne",0.021440338,0,642498,458535,155527.7857,28,28,3801,642498,0.596829735,458535,0.878684516,155527.7857,4354778
"96","Mel_bin.7.orig_final",0.009433073,1,1.69e-05,0,7.18e-06,0,0.004182959,1,2,0.013640111,0.003410028,0.00209993,0.004470913,92.09,0.85,0,"Bacteria","Acidobacteriota","Acidobacteriae","Acidoferrales","UBA7541","","","Melbourne",0.014855163,0,76657,16319,11337.48308,325,325,3268,76657,0.553928127,16319,0.894378945,11337.48308,4001174.93756108
"97","Mel_bin.8.permissive_final",0.006229016,1,4.24e-06,0,1.6e-06,0,0.00036957,1,2,0.006604425,0.001651106,0.000186907,0.003056831,89.09,2.73,0,"Bacteria","Chloroflexota","Anaerolineae","Aggregatilineales","UBA2796","","","Melbourne",0.017725002,1057,92347,23398,13015.18004,654,561,6777,92347,0.524935487,20386,0.876748062,11162.78135,8195662.81288585
"98","Mel_bin.9.orig_final",0.005924656,1,0.000113166,0,0.000377291,0,0.004927266,1,2,0.011342378,0.002835595,0.002652278,0.003020611,93.07,1.98,0,"Bacteria","Chloroflexota","UBA4733","UBA4733","","","","Melbourne",0.018166083,0,46338,12671,8909.648609,683,683,5877,46338,0.704497567,12671,0.873857121,8909.648609,6538401.20339529
"99","Ritt_bin.1.strict_final",0.000353725,1,0.002996444,1,0.000699543,0,0.005513802,1,3,0.009563514,0.002390879,0.001847993,0.002389558,96.76,2.73,0,"Bacteria","Nitrospirota","Nitrospiria","Nitrospirales","Nitrospiraceae","","","Rittmann",0.016888906,20,125595,32485,19298.03846,184,182,3671,125595,0.606011919,32485,0.884516248,19088.16848,3629850.14468789
"100","Ritt_bin.10.strict_final",0.000603554,1,0.000228863,1,0.000125232,0,0.000799941,1,3,0.00175759,0.000439397,0.000416209,0.000316208,80.73,1.88,0,"Bacteria","Acidobacteriota","Acidobacteriae","Acidoferrales","UBA7541","","","Rittmann",0.016355438,120,15627,4151,3535.122358,911,899,3477,15923,0.606560823,4106,0.875824202,3488.424808,3936671.62145423
"101","Ritt_bin.11.strict_final",0.000203186,0,0.003043199,1,0.007661871,1,0.000723338,1,3,0.011631594,0.002907899,0.001883269,0.003401291,80.58,2.74,0,"Bacteria","Acidobacteriota","Blastocatellia","RBC074","RBC074","","","Rittmann",0.018610097,110,35554,8023,6397.295143,814,803,4925,35554,0.626443521,7991,0.875981015,6310.710074,6375065.7731447
"102","Ritt_bin.13.permissive_final",1.96e-05,0,0.007130132,1,0.001141843,1,0.007256806,1,3,0.015548331,0.003887083,0.004135987,0.003845628,93.52,0,0,"Bacteria","Armatimonadota","Chthonomonadetes","Chthonomonadales","Chthonomonadaceae","Chthonomonas","","Rittmann",0.020677358,2207,222538,97438,47601.18841,81,69,2819,310513,0.532752435,82997,0.892701193,40521.91358,3512063.72968349
"103","Ritt_bin.14.strict_final",7.23e-05,0,0.006058628,1,0.001642371,1,0.000249825,0,2,0.008023091,0.002005773,0.000946098,0.002791624,97.69,0,0,"Bacteria","Chloroflexota","FW602-bin22","FW602-bin22","DSKJ01","DSKJ01","DSKJ01 sp011051445","Rittmann",0.023765282,426,188170,33714,14897.29515,234,227,3372,188170,0.698456788,33280,0.875105495,14449.82906,3461650.11771932
"104","Ritt_bin.15.permissive_final",5.59e-07,1,3.42e-05,1,3.99e-07,0,4.62e-06,1,3,3.97e-05,9.94e-06,2.59e-06,1.63e-05,94.17,0.97,0,"Archaea","Thermoproteota","Nitrososphaeria","Nitrososphaerales","Nitrososphaeraceae","","","Rittmann",0.024999276,20,380874,162006,85278.08333,26,24,2400,380874,0.512920113,162006,0.861073136,78717.46154,2173382.18116173
"105","Ritt_bin.3.strict_final",0.000150679,0,0.005996685,1,0.005188743,1,0.010245221,1,3,0.021581328,0.005395332,0.005592714,0.004140536,97.69,1.98,0,"Bacteria","Chloroflexota","Dehalococcoidia","DSGV01","DSGV01","DSGV01","","Rittmann",0.019100464,48,286089,109855,36190.71717,103,99,3517,524488,0.693689044,109855,0.882084836,34784.78641,3667602.62053434
"106","Ritt_bin.4.orig_final",2.96e-05,0,0.002827886,1,0.009969087,1,1.53e-05,0,2,0.012841828,0.003210457,0.001428746,0.004695835,96.36,0.91,0,"Bacteria","Chloroflexota","Anaerolineae","Thermoflexales","Thermoflexaceae","Thermoflexus","","Rittmann",0.016437458,0,85216,39890,22782.18269,104,104,2247,85216,0.696902142,39890,0.9231227,22782.18269,2458849.10751349
"107","Ritt_bin.5.strict_final",0.007537856,1,0.002738842,1,0.000462241,0,0.010095477,1,3,0.020834416,0.005208604,0.005138349,0.00439449,98.15,0,0,"Bacteria","Dormibacterota","Dormibacteria","Dormibacterales","Dormibacteraceae","","","Rittmann",0.022694823,20,221898,45437,19999.03937,129,127,2639,221898,0.686616732,45437,0.929146203,19688.82171,2587751.40091696
"108","Ritt_bin.6.strict_final",0.000947643,1,0.00469118,1,0.000175085,0,0.039760405,1,3,0.045574314,0.011393578,0.002819412,0.019013777,86.11,1.85,0,"Bacteria","CSP1-3","CSP1-3","CSP1-3","NP-7","","","Rittmann",0.013970749,109,240443,67653,31344.76344,95,93,2945,240443,0.698769861,61701,0.895824893,30683.72632,3385278.13262107
"109","Ritt_bin.7.strict_final",6.72e-05,0,0.006523279,1,2.19e-05,0,4.68e-05,0,1,0.006659139,0.001664785,5.7e-05,0.003239049,98.05,0.69,33.33,"Bacteria","Proteobacteria","Gammaproteobacteria","Burkholderiales","Burkholderiaceae","Paraburkholderia","Paraburkholderia caledonica","Rittmann",0.019934655,137,114776,27002,15994.83807,356,352,5160,114776,0.623753518,26831,0.866906813,15814.73596,5742155.02294748
"110","Ritt_bin.8.strict_final",1.04e-05,0,0.014835104,1,0.000267214,0,9.23e-06,0,1,0.015121952,0.003780488,0.000138809,0.007370743,97.4,0,0,"Archaea","Thermoproteota","Thermoproteia","Sulfolobales","AG1","","","Rittmann",0.02515519,385,651833,286077,150381.5455,15,11,1601,720733,0.629483883,286077,0.869064567,110254.1333,1698354.20944559
"111","Ritt_bin.9.permissive_final",1.12e-06,0,0.001262546,1,0.00012922,1,0.000846745,1,3,0.002239629,0.000559907,0.000487983,0.000598252,92.23,0.97,0,"Archaea","Thermoproteota","Nitrososphaeria","Conexivisphaerales","DTJL01","","","Rittmann",0.035150104,10,672400,522019,83225.44444,19,18,1636,672400,0.455636268,522019,0.902138635,78844.63158,1624263.25490621
